IDEA,IDEAGEN PLC,BBG0035PYLV4
IDOX,IDOX PLC,BBG000BG0812
IBPO,IENERGIZER LTD,BBG0015LZ364
IFP,IFG GROUP PLC,BBG000MHFQF7
IGG,IG GROUP HOLDINGS PLC,BBG000PYLQK4
IGAS,IGAS ENERGY PLC,BBG000HYNLK2
IKA,ILIKA PLC,BBG000PYMN75
IGE,IMAGE SCAN HOLDINGS PLC,BBG000MV4RM8
IMTK,IMAGINATIK PLC,BBG000QJ6850
IMG,IMAGINATION TECH GROUP PLC,BBG000BD5JS1
IMI,IMI PLC,BBG000BDNBG1
IMO,IMIMOBILE PLC,BBG006MMKD66
IME,IMMEDIA GROUP PLC,BBG000DRT334
IDH,IMMUNODIAGNOSTIC SYSTEMS HLD,BBG000BHY3F9
IMM,IMMUPHARMA PLC,BBG000C01SG5
IHUK,IMPACT HOLDINGS UK PLC,BBG000DMZSP9
IPX,IMPAX ASSET MANAGEMENT GROUP,BBG000CW54R2
IPEL,IMPELLAM GROUP PLC,BBG000BT07G0
IVO,IMPERIAL INNOVATIONS GROUP P,BBG000PWFP27
IMT,IMPERIAL TOBACCO GROUP PLC,BBG000HH0JM7
IKK,INCH KENNETH KAJANG RUBBER,BBG000BNX839
INCH,INCHCAPE PLC,BBG000BDNDD0
INM,INDEPENDENT NEWS & MEDIA PLC,BBG000BDNH78
IOG,INDEPENDENT OIL & GAS PLC,BBG005C9PD09
IRG,INDEPENDENT RESOURCES PLC,BBG000BSKMH6
IND,INDIGOVISION GROUP PLC,BBG000C1HFS1
INDV,INDIVIOR PLC,BBG007K35KL2
INDI,INDUS GAS LTD,BBG000BNMXW4
INFI,INFINIS ENERGY PLC,BBG005JXSND0
INFT,INFINITY ENERGY SA,BBG000BVD9Q6
INF,INFORMA PLC,BBG000BLHQP7
INFA,INFRASTRATA PLC,BBG000V35M31
0943899D,INGENIOUS CLEAN ENERGY INCOM,BBG006T5R593
INL,INLAND HOMES PLC,BBG000CT5569
ISAT,INMARSAT PLC,BBG000C3M0Z6
IHC,INSPIRATION HEALTHCARE GROUP,BBG000LH0R71
INSE,INSPIRED ENERGY PLC,BBG00282QDH7
INSP,INSPIRIT ENERGY HOLDINGS PLC,BBG000CKYLY0
INS,INSTEM PLC,BBG001730MQ6
IDHC,INTEGRATED DIAGNOSTICS HOLDI,BBG007WXPFY8
IEH,INTELLIGENT ENERGY HOLDIN,BBG006QTXF04
INB,INTERBULK GROUP PLC,BBG000CC3JP7
IGP,INTERCEDE GROUP PLC,BBG000F6DGP2
IHG,INTERCONTINENTAL HOTELS GROU,BBG000C2C4D5
ICP,INTERMEDIATE CAPITAL GROUP,BBG000D8KQJ7
IFL,INTERNATIONAL FERRO METALS,BBG000GN5BW6
IGR,INTERNATIONAL GREETINGS PLC,BBG000FJTPB2
IPF,INTERNATIONAL PERSONAL FINAN,BBG000RG6DD5
INTQ,INTERNETQ PLC,BBG001B688V1
ITQ,INTERQUEST GROUP PLC,BBG000BMSN70
IRV,INTERSERVE PLC,BBG000CK4SS5
ITRK,INTERTEK GROUP PLC,BBG000D9L467
IBM,INTL BUSINESS MACHINES CORP,BBG000NP2WB3
IAG,INTL CONSOLIDATED AIRLINE-DI,BBG000C04GS5
INVP,INVESTEC PLC,BBG000C0TDQ7
IOF,IOFINA PLC,BBG000V6B160
IOM,IOMART GROUP PLC,BBG000BRG2S5
IPO,IP GROUP PLC,BBG000BT0B35
IPP,IPPLUS PLC,BBG000DK4577
IPSA,IPSA GROUP PLC,BBG000BSD073
IQE,IQE PLC,BBG000CP3NZ8
IRF,IRF EUROPEAN FINANCE INVESTM,BBG000JSZNB6
IRR,IRONRIDGE RESOURCES LTD,BBG0083BWY04
IRON,IRONVELD PLC,BBG000BC27G5
ISL,IS SOLUTIONS PLC,BBG000BTN3N6
ISG,ISG PLC,BBG000BNQX50
ITE,ITE GROUP PLC,BBG000BMMY90
IAE,ITHACA ENERGY INC,BBG000PKB0T3
ITM,ITM POWER PLC,BBG000PLNW54
ITV,ITV PLC,BBG000DW76R4
IXI,IXICO PLC,BBG000GM73F3
FSJ,JAMES FISHER & SONS PLC,BBG000BDJFL1
JHD,JAMES HALSTEAD PLC,BBG000BZ56T9
JRIC,JAPAN RESIDENTIAL INVESTMENT,BBG000PMZPY2
JLT,JARDINE LLOYD THOMPSON GROUP,BBG000BXXPQ4
JARJ,JARDINE MATHESON HLDGS LTD,BBG000M5Q2G3
JARB,JARDINE MATHESON HLDGS LTD,BBG000M68NW7
JAR,JARDINE MATHESON HLDGS LTD,BBG000BB3KC1
JDSB,JARDINE STRATEGIC HLDGS LTD,BBG000CYCVX3
88EI,JARDINE STRATEGIC HLDGS LTD,BBG0057K2LD3
JDS,JARDINE STRATEGIC HLDGS LTD,BBG000BHB532
JIM,JARVIS SECURITIES PLC,BBG000QPTV41
JWNG,JAYWING PLC,BBG000NDLS55
JD/,JD SPORTS FASHION PLC,BBG000HLFDZ1
JLF,JELF GROUP PLC,BBG000QBB227
JEL,JERSEY ELECTRICITY PLC,BBG000BDYF61
JOG,JERSEY OIL & GAS PLC,BBG001JZ5CJ7
JSI,JIASEN INTERNATIONAL HOLDING,BBG006QRDX29
CHOO,JIMMY CHOO PLC,BBG0076JGRX3
JKX,JKX OIL & GAS PLC,BBG000CKP815
JLG,JOHN LAING GROUP PLC,BBG007YX43G6
JLH,JOHN LEWIS OF HUNGERFORD PLC,BBG000BNNHX7
JMAT,JOHNSON MATTHEY PLC,BBG000BDNS10
JSG,JOHNSON SERVICE GROUP PLC,BBG000BYM1K3
JPR,JOHNSTON PRESS PLC,BBG000BDNVD0
JNY,JOURNEY GROUP PLC,BBG000H52BY5
JPM,JPMORGAN CHASE & CO,BBG000NP2SM0
JQW,JQW PLC,BBG005MRC876
JLP,JUBILEE PLATINUM PLC,BBG000NY02N9
JDG,JUDGES SCIENTIFIC PLC,BBG000BLJVG4
JPRL,JUPITER ENERGY LTD,BBG0027TYNS6
JUP,JUPITER FUND MANAGEMENT,BBG000BF1P33
JE/,JUST EAT PLC,BBG0065YWM39
JRG,JUST RETIREMENT,BBG005KBKZG4
KBT,K3 BUSINESS TECHNOLOGY GROUP,BBG000NJ94R5
KNOS,KAINOS GROUP PLC,BBG009K861D7
KAKU,KAKUZI,BBG000BFT5Y3
KLBT,KALIBRATE TECHNOLOGIES PLC,BBG005NFMCY1
KDR,KARELIAN DIAMOND RESOURCES,BBG000PZNQT0
KAZ,KAZ MINERALS PLC,BBG000J9PLV1
KBC,KBC ADVANCED TECHNOLOGIES,BBG000BRHDJ0
KCOM,KCOM GROUP PLC,BBG000BYWTN8
KEFI,KEFI MINERALS PLC,BBG000BVDYG2
KLN,KELLAN GROUP PLC/THE,BBG000BYY5L0
KLR,KELLER GROUP PLC,BBG000C401H6
KEM,KEMIN RESOURCES PLC,BBG000BG1PL1
KMR,KENMARE RESOURCES PLC,BBG000BDP7Z7
KENV,KENNEDY VENTURES PLC,BBG000DK8NR2
KWE,KENNEDY WILSON EUROPE REA,BBG00609JYD7
KYGA,KERRY GROUP PLC-A,BBG000BHKB48
KWS,KEYWORDS STUDIOS PLC,BBG004S4GKP3
KIBO,KIBO MINING PLC,BBG000QSZDH4
KIE,KIER GROUP PLC,BBG000HT2J03
KBE,KIMBERLY ENTERPRISES NV,BBG000C86PX0
KGF,KINGFISHER PLC,BBG000BKH1W6
KGP,KINGSPAN GROUP PLC,BBG000BLFJX6
KOD,KODAL MINERALS PLC,BBG005PDGT47
KGLD,KOLAR GOLD PLC,BBG001QZSVJ2
KNM,KONAMI HOLDINGS CORP,BBG000BXJR40
KOOV,KOOVS PLC,BBG006239PZ4
KMK,KROMEK GROUP PLC,BBG005DYWMH7
KSK,KSK POWER VENTUR PLC,BBG000Q9JYY9
LAD,LADBROKES PLC,BBG000BV7X26
LRD,LAIRD PLC,BBG000BDPL04
LAKE,LAKEHOUSE PLC,BBG00824DWX0
LAM,LAMPRELL PLC,BBG000KDY091
LRE,LANCASHIRE HOLDINGS LTD,BBG000C1PNG8
LND,LANDORE RESOURCES LTD,BBG000D22JS6
LOGP,LANSDOWNE OIL & GAS PLC,BBG000NWKSX3
LTHM,LATHAM (JAMES) PLC,BBG000BFV3H4
LVD,LAVENDON GROUP PLC,BBG000HJMMX0
LEAL,LEAD ALL INVESTMENTS LTD-DI,BBG002N07KZ9
LEAF,LEAF CLEAN ENERGY CO,BBG000RHC3F6
LTG,LEARNING TECHNOLOGIES GROUP,BBG001R18D08
LED,LED INTERNATIONAL HOLDINGS L,BBG000BX7907
LDP,LEED RESOURCES PLC,BBG000RTJR79
LDSG,LEEDS GROUP PLC,BBG000BDQ4H3
LGEN,LEGAL & GENERAL GROUP PLC,BBG000BDQCG6
LEG,LEGENDARY INVESTMENTS PLC,BBG000BZDP63
LEK,LEKOIL LTD  - DI,BBG004DJJ7Y2
LGO,LGO ENERGY PLC,BBG000PDXY02
LID,LIDCO GROUP PLC,BBG000JM41Z5
LIFE,LIFE SCIENCE DEVELOPMENTS LT,BBG0019V99H2
LSIC,LIFELINE SCIENTIFIC INC-NEW,BBG000VWYWR7
LGT,LIGHTHOUSE GROUP PLC,BBG000D4J229
LWRF,LIGHTWAVERF PLC,BBG000JY0HQ8
LME,LIMITLESS EARTH PLC,BBG006FSLR41
LIO,LIONTRUST ASSET MANAGEMENT,BBG000BZTG75
LBB,LITEBULB GROUP LTD,BBG000FJTLW8
LIVN,LIVANOVA PLC,BBG00B6V6FR1
LIV,LIVERMORE INVESTMENTS GROUP,BBG000FLSML4
LLOY,LLOYDS BANKING GROUP PLC,BBG000BDQGR5
LOK,LOK'NSTORE GROUP PLC,BBG000DTMH81
LRM,LOMBARD RISK MANAGEMENT PLC,BBG000G0B0S8
LAS,LONDON & ASSOC PROP PLC,BBG000BDPND6
LCG,LONDON CAPITAL GROUP HOLDING,BBG000G5H2N2
LFI,LONDON FINANCE & INVT GROUP,BBG000BDQB14
LSC,LONDON SECURITY PLC,BBG000BDRL11
LSE,LONDON STOCK EXCHANGE GROUP,BBG000BC85S0
LMI,LONMIN PLC,BBG000C0XMX4
LOOK,LOOKERS PLC,BBG000BDRBF8
LWB,LOW & BONAR PLC,BBG000BDSBF7
LPA,LPA GROUP PLC,BBG000BDRF32
LSL,LSL PROPERTY SERVICES PLC,BBG000QCS940
LEF,LUDGATE ENVIRONMENTAL FUND L,BBG000RHXMY0
LKOH,LUKOIL PJSC,BBG000PM5917
LUPR,LUPUS CAPITAL-RFD,BBG000JTNSV4
LXB,LXB RETAIL PROPERTIES,BBG000PN73R8
MPE,M P EVANS GROUP PLC,BBG000BF0413
WINK,M WINKWORTH PLC,BBG000PV6P10
SAA,M&C SAATCHI PLC,BBG000F4GDT7
PHU,M&L PROPERTY & ASSETS PLC,BBG000BXYNY9
MACF,MACFARLANE GROUP PLC,BBG000BDSGG5
MACC,MACROMAC PLC,BBG0057TX4Y5
MOIL,MADAGASCAR OIL LTD,BBG0018Q6335
MAGP,MAGNOLIA PETROLEUM PLC,BBG0027YBXD4
MAI,MAINTEL HOLDINGS PLC,BBG000QPHYH4
MJW,MAJESTIC WINE PLC,BBG000BLPMT3
EMG,MAN GROUP PLC,BBG000BGG995
MMC,MANAGEMENT CONSULTING GROUP,BBG000BWS5P7
MRS,MANAGEMENT RESOURCE SOLUTION,BBG007JPG233
MDOJ,MANDARIN ORIENTAL INTL LTD,BBG000HFW5B8
MDOB,MANDARIN ORIENTAL INTL LTD,BBG000H9WCV5
MDO,MANDARIN ORIENTAL INTL LTD,BBG000BKMG48
1003742D,MANDM DIRECT HOLDINGS LTD,BBG006L7HDT9
MFX,MANX FINANCIAL GROUP PLC,BBG000FKMJQ4
MANX,MANX TELECOM PLC,BBG005XV6XJ4
1291183D,MAPAL GROUP PLC,BBG009H2X304
MAC,MARECHALE CAPITAL PLC,BBG000S6TRJ4
MARL,MARIANA RESOURCES LTD,BBG000P2PR00
MKT,MARKET TECH HOLDINGS LTD,BBG007PN2G26
MKS,MARKS & SPENCER GROUP PLC,BBG000BDTRV3
2538354Z,MARLOW RETAIL LTD,BBG006NM2KH7
MRL,MARLOWE HOLDINGS LTD,BBG000TDMK37
MHM,MARSH & MCLENNAN COS,BBG000KMGZV9
MMH,MARSHALL MOTOR HOLDINGS PLC,BBG0089PM5J1
MSLH,MARSHALLS PLC,BBG000BDVP35
MARS,MARSTON'S PLC,BBG000BF6792
MCO,MARTINCO PLC,BBG005NSNHV4
MAW,MARUWA CO LTD,BBG000GHHL81
MMP,MARWYN MANAGEMENT PARTNERS P,BBG001D660D8
MASA,MASAWARA PLC,BBG000VNXZX4
MTEC,MATCHTECH GROUP PLC,BBG000Q5M941
MTMY,MATOMY MEDIA GROUP LTD,BBG0064LXTN0
MTW,MATTIOLI WOODS PLC,BBG000FH1C61
MAYA,MAYAIR GROUP PLC,BBG008H1TR55
MUBL,MBL GROUP PLC,BBG000NQ9BG5
MCB,MCBRIDE PLC,BBG000FF0LP5
MCS,MCCARTHY & STONE PLC,BBG00B6QPCJ7
MCLS,MCCOLL'S RETAIL GROUP PLC,BBG00623L5Z4
MER,MEARS GROUP PLC,BBG000HHP5P7
MED,MEDAPHOR GROUP PLC,BBG006YRH8H5
MDZ,MEDIAZEST PLC,BBG000J9SR27
MEDI,MEDILINK-GLOBAL UK LTD,BBG000DQ9NY0
900347Z,MEDIVANCE INC,BBG000R1RQN5
MGGT,MEGGITT PLC,BBG000BDT2D8
MIK,MEIKLES LTD,BBG000HMP1B0
MRO,MELROSE INDUSTRIES PLC,BBG00B5C2SM5
MHN,MENHADEN CAPITAL PLC,BBG009L5F071
MNZS,MENZIES (JOHN) PLC,BBG000BDV7V4
MERC,MERCIA TECHNOLOGIES PLC,BBG007P8JWV4
MMO,MERCOM OIL SANDS PLC,BBG002ZGNFT1
MERL,MERLIN ENTERTAINMENT,BBG005GBMMS3
MES,MESSAGING INTERNATIONAL PLC,BBG000FTPDS3
MTR,METAL TIGER PLC,BBG000BFLTT5
MTL,METALS EXPLORATION PLC,BBG000QCPTN8
MNC,METMINCO LTD,BBG000WB4273
MPAY,MI-PAY GROUP PLC,BBG000C8DDS5
MPI,MICHAEL PAGE INTERNATIONAL,BBG000H7G4L6
MBH,MICHELMERSH BRICK HOLDINGS P,BBG000FT6L79
MCRO,MICRO FOCUS INTERNATIONAL,BBG000G4KKD2
MCGN,MICROGEN PLC,BBG000BDSSR7
MSYS,MICROSAIC SYSTEMS PLC,BBG001M4N3Y5
MTPH,MIDATECH PHARMA PLC,BBG007LNWN22
MSG,MILESTONE GROUP PLC,BBG000PSQB89
MLC,MILLENNIUM & COPTHORNE HOTEL,BBG000GM76D8
MIO,MINCO PLC,BBG000BJDTH9
MCON,MINCON GROUP PLC,BBG005MWSGW2
MMX,MINDS PLUS MACHINES GROUP LT,BBG000R5RFF9
MIRL,MINERA IRL LTD,BBG000R510P9
MAFL,MINERAL & FINANCIAL INVESTME,BBG000QNYC24
MIN,MINOAN GROUP PLC,BBG000HM1MH4
MIRA,MIRADA PLC,BBG000DC6HJ4
MLD,MIRLAND DEVELOPMENT CORP,BBG000BPK2W9
TMMG,MISSION MARKETING GROUP PLC,BBG000NZ4HK2
MAB,MITCHELLS & BUTLERS PLC,BBG000P0WDQ9
MTO,MITIE GROUP PLC,BBG000BFR1G4
MGR,MITON GROUP PLC,BBG000Q4GQ52
1269298D,MITON GROUP PLC,BBG008LT7PW7
MEL,MITSUBISHI ELECTRIC CORP,BBG000BTGTY5
GLE,MJ GLEESON PLC,BBG000BDK9Z8
MOS,MOBILE STREAMS PLC,BBG000LN8BR3
MBT,MOBILE TORNADO GROUP PLC,BBG000Q2QWR8
MBO,MOBILITYONE LTD,BBG000FG4JC8
MWG,MODERN WATER PLC,BBG000BTCDN6
1244585D,MOGULDOM PLC,BBG008892FV4
MLIN,MOLINS PLC,BBG000BDTYH4
MNDI,MONDI PLC,BBG000PQKVN8
MONY,MONEYSUPERMARKET.COM,BBG000CS49X4
SWAP,MONEYSWAP PLC,BBG00217M7T7
MONI,MONITISE PLC,BBG000RGP2C9
MGAM,MORGAN ADVANCED MATERIALS PL,BBG000BDT0J6
MGNS,MORGAN SINDALL GROUP PLC,BBG000CGJSS8
MAB1,MORTGAGE ADVICE BUREAU HOLDI,BBG007FCPZ79
MORT,MORTICE LTD,BBG000FBG313
MSMN,MOSMAN OIL & GAS LTD,BBG00640WYF5
MOSB,MOSS BROS GROUP PLC,BBG000BDVC07
MTC,MOTHERCARE PLC,BBG000C6N6M9
MTFB,MOTIF BIO PLC,BBG0081S2XP7
MTV,MOTIVE TELEVISION PLC,BBG000BXVV92
MOGP,MOUNTFIELD GROUP PLC,BBG000BP3DV5
MTVW,MOUNTVIEW ESTATES PLC,BBG000BBN845
MPM,MPORIUM GROUP PLC,BBG005NL7C02
MSI,MS INTERNATIONAL PLC,BBG000BDVMD1
MWE,MTI WIRELESS EDGE LTD,BBG000JGBPN0
MUL,MULBERRY GROUP PLC,BBG000GM5GH4
MUR,MURGITROYD GROUP PLC,BBG000CYGGY1
MSD,MUSEDIA CORP,BBG000P5GP89
MVLF,MV LEVERAGED FINANCE LTD,BBG000PM6541
MXO,MX OIL PLC,BBG000L2ZZV1
MXCP,MXC CAPITAL LTD,BBG000M0FY94
MIL,MYANMAR INVESTMENTS INTERNAT,BBG004RV5B85
MYXR,MYCELX TECHNOLOGIES CO-REG S,BBG001YDP3T6
MYX,MYCELX TECHNOLOGIES CORP-ADD,BBG003BZJ119
MYSL,MYSALE GROUP PLC,BBG006KJR4P7
MYSQ,MYSQUAR LTD,BBG008K91PW8
MYT,MYTRAH ENERGY LTD,BBG00162S0M1
NAH,NAHL GROUP PLC,BBG006GS6P23
NAK,NAKAMA GROUP PLC,BBG000BMGFH9
NBR,NAMIBIAN RESOURCES PLC,BBG000MVB1X5
NANO,NANOCO GROUP PLC,BBG000F8R2J1
NASA,NASSTAR PLC,BBG000HVFNN0
0955830D,NATION MEDIA PLC,BBG00614YCQ4
NEX,NATIONAL EXPRESS GROUP PLC,BBG000BC8163
NG/,NATIONAL GRID PLC,BBG000FV67Q4
NGR,NATURE GROUP PLC,BBG000NYGMX7
NBNK,NBNK INVESTMENTS PLC,BBG0014FD040
NCC,NCC GROUP PLC,BBG000BS8WF0
NCCL,NCONDEZI ENERGY LTD,BBG000QXWDH6
NKTN,NEKTAN PLC,BBG0078S4QL9
NET,NETCALL PLC,BBG000BMKD07
NETD,NETDIMENSIONS HOLDINGS LTD,BBG000HH92X3
NPT,NETPLAY TV PLC,BBG000HS1203
NSCI,NETSCIENTIFIC PLC,BBG00579Y771
NEPI,NEW EUROPE PROPERTY INVEST,BBG000C93DB2
NTLG,NEW TREND LIFESTYLE GROUP PL,BBG00341VG51
NEW,NEW WORLD OIL AND GAS PLC,BBG001P9D8R9
NWR,NEW WORLD RESOURCES PLC-A SH,BBG001NPMWJ1
NWT,NEWMARK SECURITY PLC,BBG000BVW0H4
NFC,NEXT FIFTEEN COMMUNICATIONS,BBG000BBM285
NXT,NEXT PLC,BBG000BDWPY0
1284522D,NEXTENERGY EUROPEAN SOLAR UT,BBG009CB55Y8
NICL,NICHOLS PLC,BBG000BDWD68
HAWK,NIGHTHAWK ENERGY PLC,BBG000P3MMP5
NSA,NIMROD SEA ASSETS LTD,BBG0066HJTN3
NMBA,NMBZ HOLDINGS LTD,BBG000CS9W95
NMB,NMBZ HOLDINGS LTD,BBG000BFXQY2
NMC,NMC HEALTH PLC,BBG002QJCKC4
NHL,NOMAD FOODS LTD,BBG0069MXRN7
NSF,NON-STANDARD FINANCE PLC,BBG0082BCF44
NCON,NORCON PLC,BBG000H5SJ52
NXR,NORCROS PLC,BBG000RPL849
NMG,NORICUM GOLD LTD-DI,BBG001BRV8Z5
NSH,NORISH PLC,BBG000BDWHP8
NBB,NORMAN BROADBENT PLC,BBG000MXFN69
NHY,NORSK HYDRO ASA,BBG000D0R7N4
NMD,NORTH MIDLAND CONSTRUCTION,BBG000BNJ6V8
NRRP,NORTH RIVER RESOURCES PLC,BBG000QMD0Y0
NTA,NORTHACRE PLC,BBG000D17XY5
NAR,NORTHAMBER PLC,BBG000BDW262
NBI,NORTHBRIDGE INDUSTRIAL SERVI,BBG000HWC7T0
NCT,NORTHCOTE ENERGY LTD,BBG003TNSXN3
NTBR,NORTHERN BEAR PLC,BBG000QKC8Y8
NOP,NORTHERN PETROLEUM PLC,BBG000G15C07
NTG,NORTHGATE PLC,BBG000C2QT81
NWIG,NORTHWEST INVESTMENT GROUP L,BBG000QXW7H9
NTOG,NOSTRA TERRA OIL & GAS CO,BBG000RN1NN2
NOG,NOSTRUM OIL & GAS PLC,BBG006JNVQY6
NOVA,NOVA RESOURCES LTD,BBG000R8GXR3
NVA,NOVAE GROUP PLC,BBG000BR21D8
NUOG,NU-OIL AND GAS PLC,BBG000C37RW7
NUM,NUMIS CORPORATION PLC,BBG000LY7CK5
NWF,NWF GROUP PLC,BBG000F4F1K3
NYO,NYOTA MINERALS LTD,BBG000LBMRJ7
OBT,OBTALA RESOURCES LTD,BBG000VGNTR1
OCDO,OCADO GROUP PLC,BBG000BDXZH6
OCN,OCEAN WILSONS HOLDINGS LTD,BBG000BT00L9
OCT,OCTAGONAL PLC,BBG000WHFD29
OEX,OILEX LTD,BBG000R29GQ2
OML,OLD MUTUAL PLC,BBG000BYWXJ4
ODX,OMEGA DIAGNOSTICS GROUP PLC,BBG000M011W5
OMG,OMG PLC,BBG000HGT5G5
OTB,ON THE BEACH GROUP PLC,BBG00B2GTVX1
ONL,ON-LINE PLC,BBG000BMKG73
OMIP,ONE MEDIA IP GROUP PLC,BBG004FR54B9
OSB,ONESAVINGS BANK PLC,BBG006G2TRB1
ONZ,ONZIMA VENTURES PLC,BBG000BZLC27
OPRA,OPERA INVESTMENTS PLC,BBG008LGX024
OPG,OPG POWER VENTURES PLC,BBG000BKFSJ4
OPHR,OPHIR ENERGY PLC,BBG001QXTNM0
OSGA,OPSEC SECURITY GROUP -ASSD,BBG001NQ05W7
OSG,OPSEC SECURITY GROUP PLC,BBG000C3MP09
OPTI,OPTIBIOTIX HEALTH PLC,BBG00217M8N1
ORCP,ORACLE COALFIELDS PLC,BBG001ND5X69
ORCH,ORCHARD FUNDING GROUP PLC,BBG009DX8GT8
OGN,ORIGIN ENTERPRISES PLC,BBG000G157J8
OPP,ORIGO PARTNERS PLC,BBG000NYBWQ8
ORM,ORMONDE MINING PLC,BBG000BH6PM3
ORE,OROGEN GOLD PLC,BBG000DMZPF6
OMI,OROSUR MINING INC,BBG000HGJK91
OSU,ORSU METALS CORP,BBG000PVJ5J1
OTC,ORTAC RESOURCES LTD,BBG000R8HQM2
OUT,OUTSOURCERY PLC,BBG004JW3VC5
OVG,OVOCA GOLD PLC,BBG000BDWXK8
OXB,OXFORD BIOMEDICA PLC,BBG000BMB7T9
OXIG,OXFORD INSTRUMENTS PLC,BBG000BDWZZ7
OXP,OXFORD PHARMASCIENCE GROUP P,BBG000C5R2Y3
OXS,OXUS GOLD PLC,BBG000BWZ3X5
PIC,PACE PLC,BBG000H461V9
PAP,PADDY POWER PLC,BBG000N8GJR8
PCA,PALACE CAPITAL PLC,BBG000QTMX64
PAF,PAN AFRICAN RESOURCES PLC,BBG000DK30N1
PMR,PANMURE GORDON & CO PLC,BBG000BNS2Y4
PANR,PANTHEON RESOURCES PLC,BBG000NBSJ25
PNS,PANTHER SECURITIES PLC,BBG000BHR232
PML,PAPUA MINING PLC,BBG002PQVD70
PRG,PARAGON DIAMONDS LTD,BBG0018BQJQ6
PEL,PARAGON ENTERTAINMENT LTD,BBG000Q392W5
PAG,PARAGON GROUP COMPANIES PLC,BBG000BY21W2
PAA,PARALLEL MEDIA GROUP PLC,BBG000C52T44
PTY,PARITY GROUP PLC,BBG000BVT989
PKG,PARK GROUP PLC,BBG000BZZ3Q6
PMG,PARKMEAD GROUP PLC/THE,BBG000CFNTK1
PA/,PARTNERSHIP ASSURANCE GROUP,BBG004K3Z414
PGD,PATAGONIA GOLD PLC,BBG000PP68S2
PRS,PATERNOSTER RESOURCES PLC,BBG000BFCX16
PFP,PATHFINDER MINERALS PLC,BBG000BRNG15
CAKE,PATISSERIE HOLDINGS PLC,BBG006H0Y946
PAY,PAYPOINT PLC,BBG000KK7JV9
PAYS,PAYSAFE GROUP PLC,BBG000M2VPP3
PCGE,PCG ENTERTAINMENT PLC,BBG007FL9WF5
PSON,PEARSON PLC,BBG000BDY8C0
PHO,PEEL HOTELS PLC,BBG000BCCCH2
PTV,PEERTV PLC,BBG0017T0RT5
PDG,PENDRAGON PLC,BBG000BFQYW5
PNA,PENNA CONSULTING PLC,BBG000BF3P77
PEN,PENNANT INTL GROUP PLC,BBG000C1R4T4
PNN,PENNON GROUP PLC,BBG000BZT2X7
TPOP,PEOPLES OPERATOR HOLDINGS LT,BBG007B01YW0
IL0A,PERMANENT TSB GROUP HOLDINGS,BBG000DJ30N4
PSN,PERSIMMON PLC,BBG000BDY6P0
PGH,PERSONAL GROUP HOLDINGS PLC,BBG000DRM901
PEG,PETARDS GROUP PLC,BBG000BQSLY5
PDL,PETRA DIAMONDS LTD,BBG000BGDZL6
PET,PETREL RESOURCES PLC,BBG000F5DMG1
MATD,PETRO MATAD LTD,BBG000TGGHV3
PCI,PETROCELTIC INTERNATIONAL,BBG000BF93L4
PFC,PETROFAC LTD,BBG000K2DLR2
PTR,PETRONEFT RESOURCES PLC,BBG000KS3KN2
POG,PETROPAVLOVSK PLC,BBG000MTK1T5
PETS,PETS AT HOME GROUP PLC,BBG0060MBRK3
PFZ,PFIZER INC,BBG000NP0CL8
PHNX,PHOENIX GROUP HOLDINGS,BBG000W3MPV3
PHRM,PHORM CORP LTD,BBG000RC6WG9
PHTM,PHOTO-ME INTERNATIONAL PLC,BBG000BDXDC0
PSL,PHOTONSTAR LED GROUP PLC,BBG000Q4XJF8
PHSC,PHSC PLC,BBG000QX8JK6
PYC,PHYSIOMICS PLC,BBG000BM4BW4
1091167D,PICKLIVE HOLDINGS PLC,BBG007GCDZ99
PCTZ,PICTON ZDP LTD,BBG003GXJVC1
PWS,PINEWOOD GROUP PLC,BBG000D0ZGY3
PINN,PINNACLE TECHNOLOGY GROUP PL,BBG000QMBWN4
PIP,PIPEHAWK PLC,BBG000BBWM26
PIRI,PIRES INVESTMENTS PLC,BBG000BQG9L9
PTD,PITTARDS PLC,BBG000BDY9Z3
PHC,PLANT HEALTH CARE PLC,BBG000Q38DW2
PIM,PLANT IMPACT PLC,BBG000Q5Z4L9
PLA,PLASTICS CAPITAL PLC,BBG000DMQ5X0
PTEC,PLAYTECH PLC,BBG000N57QP0
PLAZ,PLAZA CENTERS NV,BBG000CDQ7T2
PLE,PLETHORA SOLUTIONS HOLDINGS,BBG000CWFS98
POS,PLEXUS HOLDINGS PLC,BBG000DPZX53
8282234Z,PLG POWER LTD,BBG001P9HF71
PLUS,PLUS500 LTD,BBG004V7D7S1
PPG,PLUTUS POWERGEN PLC,BBG000R1D9J3
PMEA,PME AFRICAN INFRASTRUCTURE O,BBG000RPHGK8
POLR,POLAR CAPITAL HOLDINGS PLC,BBG000QPV7K3
PLMO,POLEMOS PLC,BBG000BLL5T4
POL,POLO RESOURCES LTD,BBG000TBQ1L9
POLY,POLYMETAL INTERNATIONAL PLC,BBG0025RP8F9
PLP,POLYPIPE GROUP PLC,BBG00662XLF6
PGIL,POLYUS GOLD INTERNATIONAL LT,BBG00336F1X1
PEBI,PORT ERIN BIOPHARMA INVESTME,BBG0021B0YK2
PTCM,PORTA COMMUNICATIONS PLC,BBG000H2PW44
PMP,PORTMEIRION GROUP PLC,BBG000BD7WY3
PRV,PORVAIR PLC,BBG000BDY4V8
PLND,POUNDLAND GROUP PLC,BBG0063G2LV4
PCGB,POWER CAPITAL GLOBAL LTD,BBG000FD2B16
POWR,POWERFLUTE OYJ,BBG000RDM9M3
PHE,POWERHOUSE ENERGY GROUP PLC,BBG000BZKSC2
PPH,PPHE HOTEL GROUP LTD,BBG000Q8F9B5
PDZ,PRAIRIE MINING LTD,BBG009Y3DRX6
NIPT,PREMAITHA HEALTH PLC,BBG000C1SP25
PREM,PREMIER AFRICAN MINERALS LTD,BBG003PQ6ZC1
PFL,PREMIER FARNELL PLC,BBG000BWR783
PFD,PREMIER FOODS PLC,BBG000C0N2L2
PMO,PREMIER OIL PLC,BBG000BDXKR8
PTSG,PREMIER TECHNICAL SERVICES G,BBG0082ZB8G5
PVG,PREMIER VETERINARY GROUP PLC,BBG000ML1V17
PPC,PRESIDENT ENERGY PLC,BBG000BTBT07
PRES,PRESSURE TECHNOLOGIES PLC,BBG000PPG785
PACC,PRIME ACTIVE CAPITAL PLC,BBG000C0FXM2
PRP,PRIME PEOPLE PLC,BBG000BDY1G1
PCF,PRIVATE & COMMERCIAL FIN GRP,BBG000C779Z5
PROG,PRO GLOBAL INSURANCE SOLUTIO,BBG000NTGJ01
PHD,PROACTIS HOLDINGS PLC,BBG000MHFSS9
PIL,PRODUCE INVESTMENTS PLC,BBG00194BVH0
PGY,PROGILITY PLC,BBG000DR2K26
PRO,PROGRESSIVE DIGITAL MEDIA GR,BBG000BZ5TZ2
PPIX,PROPHOTONIX LTD,BBG0018BTB71
PXOG,PROSPEX OIL AND GAS PLC,BBG000CFZ352
PRM,PROTEOME SCIENCES PLC,BBG000HP8ZP2
PPS,PROTON POWER SYSTEMS PLC,BBG000HZNZ82
PXS,PROVEXIS PLC,BBG000Q0CWX0
PVR,PROVIDENCE RESOURCES PLC,BBG000FTTPS2
PFG,PROVIDENT FINANCIAL PLC,BBG000BDXB70
PROX,PROXAMA PLC,BBG000QLLD66
PRU,PRUDENTIAL PLC,BBG000BDY322
PSPI,PUBLIC SERVICE PROPERTIES IN,BBG000PVXTG6
PTO,PUBLISHING TECHNOLOGY PLC,BBG000C4W2R8
PUB,PUNCH TAVERNS PLC,BBG000HQTC32
PUR,PURE WAFER PLC,BBG000QPK048
PURE,PURECIRCLE LTD,BBG000RHB081
PRTC,PURETECH HEALTH PLC,BBG009F3HD28
PURI,PURICORE PLC,BBG000PQ0HR7
PVCS,PV CRYSTALOX SOLAR PLC,BBG000RD7N76
PZC,PZ CUSSONS PLC,BBG000DBNQV3
QRES,Q RESOURCES PLC,BBG000QN4J95
QQ/,QINETIQ GROUP PLC,BBG000HF5083
QFI,QUADRISE FUELS INTERNATIONAL,BBG000CCQVQ4
QP/,QUANTUM PHARMACEUTICAL PLC,BBG007PYR949
QTX,QUARTIX HOLDINGS PLC,BBG007DVNNH7
QRT,QUARTO GROUP INC,BBG000BDYK24
QXT,QUIXANT PLC,BBG004FL78J3
QRM,QUORAM PLC,BBG001VCKV50
RE/,R.E.A. HOLDINGS PLC,BBG000BDYX99
RMM,RAMBLER METALS AND MINING PL,BBG000D22BC0
RAME,RAME ENERGY PLC,BBG0067GKXB6
RQIH,RANDALL & QUILTER INVESTMENT,BBG000L1RNQ5
RRS,RANDGOLD RESOURCES LTD,BBG000C1V4F4
RRL,RANGE RESOURCES LTD,BBG000PYV182
RNK,RANK GROUP PLC,BBG000BDZ5Z0
RCI,RAPIDCLOUD INTERNATIONAL PLC,BBG004XC5X19
REM,RARE EARTH MINERALS LTD,BBG000C4TNZ7
RMA,RASMALA PLC,BBG000C47XZ9
RAT,RATHBONE BROTHERS PLC,BBG000BDBX85
RUS,RAVEN RUSSIA LTD,BBG000HL1LS6
RBD,REABOLD RESOURCES PLC,BBG000Q39FY4
R4E,REACH4ENTERTAINMENT ENTERPRI,BBG000LK89H5
REAC,REACT ENERGY PLC,BBG000JQJ7D1
REAT,REACT GROUP PLC,BBG000J9SDS0
RECI,REAL ESTATE CREDIT INVESTMEN,BBG000C4PGP7
RLE,REAL ESTATE INVESTORS PLC,BBG000C1JH23
RGD,REAL GOOD FOOD PLC,BBG000BQX0W7
RB/,RECKITT BENCKISER GROUP PLC,BBG000C38NP3
REC,RECORD PLC,BBG000BQFND8
RMP,RED EMPEROR RESOURCES NL,BBG001S05J72
RLH,RED LEOPARD HOLDINGS PLC,BBG000DN1Z78
RRR,RED ROCK RESOURCES PLC,BBG000GX1FZ6
REDT,RED24 PLC,BBG000F7DJL8
RCN,REDCENTRIC PLC,BBG004499TV0
REDD,REDDE PLC,BBG000BRLJ02
RHL,REDHALL GROUP PLC,BBG000BD8G40
RDW,REDROW PLC,BBG000CKF0G7
RED,REDT ENERGY PLC,BBG000BHSM73
REDX,REDX PHARMA PLC,BBG007WL0FL5
RPT,REGAL PETROLEUM PLC,BBG000P69KR5
RGM,REGENCY MINES PLC,BBG000BPR243
RGS,REGENERSIS PLC,BBG000DN20X5
RGU,REGUS PLC,BBG000C4WB25
REL,RELX PLC,BBG000D03XD4
RENE,RENEURON GROUP PLC,BBG000HL1H96
RNWH,RENEW HOLDINGS PLC,BBG000CLRGQ6
WIND,RENEWABLE ENERGY GENERATION,BBG000GNS876
REH,RENEWABLE ENERGY HLDGS PLC,BBG000QTZ5M3
TRIG,RENEWABLES INFRASTRUCTURE GR,BBG004TMT6C3
RSW,RENISHAW PLC,BBG000BDZV65
RNO,RENOLD PLC,BBG000BDZ937
RTO,RENTOKIL INITIAL PLC,BBG000BDZZM8
RPG,REPUBLIC GOLDFIELDS INC,BBG000KMFG88
RHM,RESOURCE HOLDING MANAGEMENT,BBG000J6CM85
RTN,RESTAURANT GROUP PLC,BBG000BDD0J3
RST,RESTORE PLC,BBG000QDXXP6
RBG,REVOLUTION BARS GROUP PLC,BBG008454B43
REVO,REVOLYMER PLC,BBG0035D3YF5
RXB,REX BIONICS PLC,BBG006G41Q47
REX,REXAM PLC,BBG000BW3191
RCDO,RICARDO PLC,BBG000BDYRN6
RLD,RICHLAND RESOURCES LTD,BBG000NYBN42
RIC,RICHOUX GROUP PLC,BBG000BDP279
RICO,RICOH CO LTD,BBG009Y3B9Z6
RMV,RIGHTMOVE PLC,BBG000DD5X08
RSTR,RIGHTSTER GROUP PLC,BBG005KN20J2
RIO,RIO TINTO PLC,BBG000DZG3K1
RIV,RIVER & MERCANTILE GROUP,BBG006JX70Y8
RM/,RM PLC,BBG000C1SBB6
RM2,RM2 INTERNATIONAL SA,BBG005Q62V32
RWA,ROBERT WALTERS PLC,BBG000M7DHX1
RBN,ROBINSON PLC,BBG000NQJ345
RKH,ROCKHOPPER EXPLORATION PLC,BBG000GC2547
RR/,ROLLS-ROYCE HOLDINGS PLC,BBG000BTG1B1
ROSE,ROSE PETROLEUM PLC,BBG000DB8YK5
RGP,ROSS GROUP PLC,BBG000BS09L2
RDT,ROSSLYN DATA TECHNOLOGIES PL,BBG0069C7GF1
ROL,ROTALA PLC,BBG000C4TCD5
ROR,ROTORK PLC,BBG000BDZHT1
RXP,ROXI PETROLEUM PLC,BBG000HZ96L7
RBS,ROYAL BANK OF SCOTLAND GROUP,BBG000BDYNG3
RDSA,ROYAL DUTCH SHELL PLC-A SHS,BBG000QDCXG9
RDSB,ROYAL DUTCH SHELL PLC-B SHS,BBG000QX19X1
RMG,ROYAL MAIL PLC,BBG005CM0YV7
RPC,RPC GROUP PLC,BBG000BHQH85
RPS,RPS GROUP PLC,BBG000BDZNF3
RSA,RSA INSURANCE GROUP PLC,BBG000BX7JR6
RTC,RTC GROUP PLC,BBG000C3G047
RUR,RURELEC PLC,BBG000BKDJ79
RPO,RUSPETRO PLC,BBG002B25850
RWS,RWS HOLDINGS PLC,BBG000BMH1T6
RYA,RYANAIR HOLDINGS PLC,BBG000H2BG08
SUS,S & U PLC,BBG000BF2XF2
SNT,SABIEN TECHNOLOGY GROUP PLC,BBG000QJTF40
SBLM,SABLE MINING AFRICA LTD,BBG000BX5FJ5
SAB,SABMILLER PLC,BBG000BN75Q9
SAC,SACOIL HOLDING LTD,BBG001M7WCB3
SCN,SACOVEN PLC,BBG00337VDQ3
SCH,SAFECHARGE INTERNATIONAL GRO,BBG00B9V2ZX1
SAF,SAFELAND PLC,BBG000BF0716
SSTY,SAFESTAY PLC,BBG0067F8S96
SFE,SAFESTYLE UK PLC,BBG005NB5510
SAGA,SAGA PLC,BBG006K57CX2
SGE,SAGE GROUP PLC/THE,BBG000BN0PP3
SFI,SAGICOR FINANCIAL CORP LTD,BBG000RMD2R3
SBRY,SAINSBURY (J) PLC,BBG000BF0KW3
SLE,SAN LEON ENERGY PLC,BBG000J7PMX1
SND,SANDERSON GROUP PLC,BBG000F7Y7P7
SNN,SANNE GROUP PLC,BBG008F1TRD8
SAR,SAREUM HOLDINGS PLC,BBG000Q8ZXG5
SARS,SAROSSA PLC,BBG006F38F01
SAT,SATELLITE SOLUTIONS WORLDWID,BBG007R5JM04
SAVP,SAVANNAH PETROLEUM PLC,BBG006TDRZN4
SAV,SAVANNAH RESOURCES PLC,BBG0018BQM43
SVS,SAVILLS PLC,BBG000BF7WL2
SCLP,SCANCELL HOLDINGS PLC,BBG000BHVZZ9
SCPA,SCAPA GROUP PLC,BBG000BF0PF1
SCL,SCHLUMBERGER LTD,BBG000KMH3R4
SCHO,SCHOLIUM GROUP PLC,BBG0063G4903
1341532D,SCHRODER EUROPEAN REAL ESTAT,BBG00BDZY9X0
SDR,SCHRODERS PLC,BBG000BF0TF3
SDRC,SCHRODERS PLC-NON VOTING,BBG000BF0W48
SAG,SCIENCE GROUP PLC,BBG000GY5181
SIS,SCIENCE IN SPORT PLC,BBG004S9VVD4
SDI,SCIENTIFIC DIGITAL IMAGING,BBG000CYM0B4
SSY,SCISYS PLC,BBG000GP7H74
SGZ,SCOTGOLD RESOURCES LTD,BBG000W8G7Q5
SCS,SCS GROUP PLC,BBG00802XD93
SDL,SDL PLC,BBG000C4HGY6
SEA,SEAENERGY PLC,BBG000BDZKX9
SCGL,SEALAND CAPITAL GALAXY LTD,BBG00BGKK572
SPDI,SECURE PROPERTY DEVELOPMENT,BBG000NCW289
STB,SECURE TRUST BANK PLC,BBG0027DFBP1
SEE,SEEING MACHINES LTD,BBG000KGQQP8
SNR,SENIOR PLC,BBG000BSX1G9
SEN,SENTERRA ENERGY PLC,BBG00BDPSX02
SEPL,SEPLAT PETROLEUM DEVELOPMENT,BBG0064NZQ69
SEPU,SEPURA LTD,BBG000RPTQP8
SRB,SERABI GOLD PLC,BBG000DQCJK0
SRP,SERCO GROUP PLC,BBG000BF2MT1
SQZ,SERICA ENERGY PLC,BBG000PPK6F4
SERV,SERVELEC GROUP PLC,BBG005NJ52Q3
SVR,SERVICEPOWER TECHNOLOGIES,BBG000BBNK57
SEV,SERVISION PLC,BBG000QQF0W1
SVCA,SERVOCA PLC,BBG000F9D3Z4
SFR,SEVERFIELD PLC,BBG000BF10M7
SVT,SEVERN TRENT PLC,BBG000BS5FD2
SKS,SHANKS GROUP PLC,BBG000BVVWZ5
SHG,SHANTA GOLD LTD,BBG000HBMT71
SHRE,SHARE PLC,BBG000BXT6B7
SHAW,SHAWBROOK GROUP PLC,BBG008950C86
SIGB,SHERBORNE INVESTORS GUERN B,BBG003MVBBL0
8384879Z,SHIELD THERAPEUTICS PLC,BBG009YWHXG4
SHP,SHIRE PLC,BBG000BFYQ44
SHOE,SHOE ZONE PLC,BBG006K575K1
SGR,SHORE CAPITAL GROUP LTD,BBG000BYN2P5
1308105D,SHUXING PLC,BBG009RRP6Q2
SRX,SIERRA RUTILE LTD,BBG000J56C31
SHI,SIG PLC,BBG000BF2BF0
SGM,SIGMA CAPITAL GROUP PLC,BBG000BM8Q66
SIG,SIGNET JEWELERS LTD,BBG000BTRW94
SLN,SILENCE THERAPEUTICS PLC,BBG000KJTFQ2
SILF,SILVER FALCON PLC,BBG00BDKH4D5
SIM,SIMIGON LTD,BBG000BPYSP5
SNCL,SINCLAIR (WILLIAM) HLDGS PLC,BBG000BF2572
SPH,SINCLAIR IS PHARMA PLC,BBG000DNS5B0
SXX,SIRIUS MINERALS PLC,BBG000GPQD18
SRSP,SIRIUS PETROLEUM PLC,BBG000F12WD3
SRE,SIRIUS REAL ESTATE LTD,BBG000R67HR2
SIXH,SIX HUNDRED GROUP PLC/THE,BBG000BF19Y5
SPL,SKIL PORTS & LOGISTICS LTD,BBG0016V5QJ9
SKY,SKY PLC,BBG000DXH4L2
SKP,SKYEPHARMA PLC,BBG000BF1C96
SLNG,SLINGSBY (H.C.) PLC,BBG000BFZ335
SMJ,SMART (J) & CO (CONTRACTORS),BBG000BF1V67
SMS,SMART METERING SYSTEMS PLC,BBG001S44Z33
SN/,SMITH & NEPHEW PLC,BBG000BF2206
SMIN,SMITHS GROUP PLC,BBG000BF1SQ2
SKG,SMURFIT KAPPA GROUP PLC,BBG000NCVXL7
SNAK,SNACKTIME PLC,BBG000V15R52
ZZZ,SNOOZEBOX HOLDINGS PLC,BBG002WK95W9
SIA,SOCO INTERNATIONAL PLC,BBG000BBSFG1
SCT,SOFTCAT PLC,BBG00B8F59B6
SRT,SOFTWARE RADIO TECHNOLOGY,BBG000KGJKN1
SOLG,SOLGOLD PLC,BBG000DSMD19
SOLI,SOLID STATE PLC,BBG000GZ4VH3
SOLO,SOLO OIL PLC,BBG000JK60W2
SOM,SOMERO ENTERPRISES INC- REGS,BBG000Q8Y265
SPE,SOPHEON PLC,BBG000BGG575
SOPH,SOPHOS GROUP PLC,BBG009BTKRK0
SOU,SOUND ENERGY PLC,BBG000GPZ8L7
SBS,SOURCE BIOSCIENCE PLC,BBG000BFMLD8
SAPO,SOUTH AFRICAN PROPERTY OPPOR,BBG000PKR025
S32,SOUTH32 LTD,BBG008H27C50
SMA,SOVEREIGN MINES OF AFRICA PL,BBG001Y6RR43
2870138Z,SOYA MILLS SA,BBG000GMH9L2
SAL,SPACEANDPEOPLE PLC,BBG000QQF3G3
SPSY,SPECTRA SYSTEMS CORP,BBG001Y1Y287
SPSC,SPECTRA SYSTEMS CORP-REG S,BBG001Y21593
SXS,SPECTRIS PLC,BBG000CNV9R2
SDY,SPEEDY HIRE PLC,BBG000C389Y4
SPHR,SPHERE MEDICAL HOLDING PLC,BBG00282V8Q2
SPX,SPIRAX-SARCO ENGINEERING PLC,BBG000BF2FG0
SPI,SPIRE HEALTHCARE GROUP PLC,BBG006S8NKB6
SPT,SPIRENT COMMUNICATIONS PLC,BBG000C4LVP8
SRO,SPITFIRE OIL LTD,BBG000RJ1M99
SPO,SPORTECH PLC,BBG000C97HR2
SPD,SPORTS DIRECT INTERNATIONAL,BBG000DPM932
SWD,SPORTSWORLD MEDIA GROUP PLC,BBG000C02VJ4
SPRP,SPRUE AEGIS PLC,BBG006F8Q0Y6
SQS,SQS SOFTWARE QUALITY SYSTEMS,BBG000BV4YT8
SSE,SSE PLC,BBG000C03056
SSPG,SSP GROUP PLC,BBG006ND4TY7
STJ,ST JAMES'S PLACE PLC,BBG000BRMPC4
SPPC,ST PETER PORT CAPITAL LTD,BBG000NQCVR5
SIV,ST. IVES PLC,BBG000BF1831
SMP,ST. MODWEN PROPERTIES PLC,BBG000BF1WT0
SDM,STADIUM GROUP PLC,BBG000GB20G7
STAF,STAFFLINE GROUP PLC,BBG000QM4TS4
SGC,STAGECOACH GROUP PLC,BBG000BB5RH9
STAN,STANDARD CHARTERED PLC,BBG000BF2QW8
SL/,STANDARD LIFE PLC,BBG000N2C023
SGI,STANLEY GIBBONS GROUP PLC,BBG000F05WW1
STAR,STARCOM PLC,BBG00448DYB8
SVE,STARVEST PLC,BBG000C36XJ0
SOG,STATPRO GROUP PLC,BBG000BBNDM4
STEL,STELLAR DIAMONDS PLC,BBG000LJ8SS4
STG,STELLAR RESOURCES PLC,BBG000BWB9X8
STCM,STEPPE CEMENT LTD,BBG000FC5NZ2
SEY,STERLING ENERGY PLC,BBG000BT1895
STE,STEWART & WIGHT PLC,BBG000BFZYD6
STHR,STHREE PLC,BBG000JY6KL0
STL,STILO INTERNATIONAL PLC,BBG000C3GDL0
STM,STM GROUP PLC,BBG000KFW3K9
STOB,STOBART GROUP LTD,BBG000Q85GX6
STCK,STOCK SPIRITS GROUP PLC,BBG005C3HTN1
AERO,STRAT AERO PLC,BBG007HS7ZP2
SML,STRATEGIC MINERALS PLC,BBG001QC9CV2
STI,STRATEX INTERNATIONAL PLC,BBG000CLQ7N0
STGR,STRATMIN GLOBAL RESOURCES PL,BBG000QN6MG8
STR,STRIDE GAMING PLC,BBG008MPHYV5
STVG,STV GROUP PLC,BBG000BF1Q95
STY,STYLES & WOOD GROUP PLC,BBG000Q1MY45
SULA,SULA IRON & GOLD PLC,BBG003GM5P88
SMTG,SUMMIT GERMANY LTD,BBG005ZSQ1Q9
SUMM,SUMMIT THERAPEUTICS PLC,BBG000Q9KXW1
SRES,SUNRISE RESOURCES PLC,BBG000F4LQX7
SPGH,SUPERGLASS HOLDINGS PLC,BBG000RP6X14
SGP,SUPERGROUP PLC,BBG000QDC4B8
SCE,SURFACE TRANSFORMS PLC,BBG000P555Z5
SUN,SURGICAL INNOVATIONS GROUP,BBG000BXVT79
SUH,SUTTON HARBOUR HOLDINGS PLC,BBG000BBSJ19
SVI,SVG CAPITAL PLC,BBG000GSDT84
SWL,SWALLOWFIELD PLC,BBG000BFD6K3
CSG,SWEETT GROUP PLC,BBG000RG37N0
SWP,SWP GROUP PLC,BBG000BFD829
SLP,SYLVANIA PLATINUM LTD,BBG000QVQSX6
SYM,SYMPHONY ENVIRONMENTAL TECHN,BBG000C7DYP4
SIHL,SYMPHONY INTERNATIONAL HOLDI,BBG000RSFSD6
SNG,SYNAIRGEN PLC,BBG000QBWFC4
SNX,SYNECTICS PLC,BBG000BDYGL2
SNTY,SYNETY GROUP PLC,BBG000BKCF05
SYNT,SYNTHOMER PLC,BBG000BF6RK5
SYQ,SYQIC PLC,BBG005M0GH71
TAIH,TAIHUA PLC,BBG000MD5D57
AEWU,AEW UK REIT PLC,BBG008LNHPH6
AGR,ASSURA PLC,BBG000CPPKR9
BYG,BIG YELLOW GROUP PLC,BBG000BJYJG9
BLND,BRITISH LAND CO PLC,BBG000BD7DW7
CAL,CAPITAL & REGIONAL PLC,BBG000BXRWW9
CREI,CUSTODIAN REIT PLC,BBG0067Q07H7
DLN,DERWENT LONDON PLC,BBG000BDFV58
DRIP,DRUM INCOME PLUS REIT PLC,BBG009BCKD28
EPIC,EDISTON PROPERTY INVESTMENT,BBG007FCYBB7
ESP,EMPIRIC STUDENT PROPERTY PLC,BBG006H07GJ4
FCRE,F&C UK REAL ESTATE INVESTMEN,BBG000D7HCJ4
DIGS,GCP STUDENT LIVING PLC,BBG004K8GJH4
GPOR,GREAT PORTLAND ESTATES PLC,BBG000BDKJW9
GRN,GREEN REIT PLC,BBG004TZFP37
GRIO,GROUND RENTS INCOME FUND PLC,BBG00391F1K0
HMSO,HAMMERSON PLC,BBG000BDLY28
HSTN,HANSTEEN HOLDINGS PLC,BBG000KVBK29
HBRN,HIBERNIA REIT PLC,BBG005P08SS0
HCFT,HIGHCROFT INVESTMENTS PLC,BBG000BFS5M7
INTU,INTU PROPERTIES PLC,BBG000C1BW28
KCR,K&C REIT PLC,BBG008LN8TJ6
LAND,LAND SECURITIES GROUP PLC,BBG000BDPHS3
LSR,LOCAL SHOPPING REIT PLC,BBG000MLFPQ8
LMP,LONDONMETRIC PROPERTY PLC,BBG000QC9200
MCKS,MCKAY SECURITIES PLC-ORD,BBG000BFVFC2
MKLW,MUCKLOW ( A & J ) GROUP PLC,BBG000BDTPH3
NRR,NEWRIVER RETAIL LTD,BBG000ML0KM9
PSDL,PHOENIX SPREE DEUTSCHLAND LT,BBG009DL43Q0
PHP,PRIMARY HEALTH PROPERTIES,BBG000GF2LQ1
RDI,REDEFINE INTERNATIONAL PLC,BBG000Q6FTF1
RGL,REGIONAL REIT LTD,BBG00BBW9903
SAFE,SAFESTORE HOLDINGS PLC,BBG000R0NLV3
SREI,SCHRODER REAL ESTATE INVESTM,BBG000Q4SCY8
SIR,SECURE INCOME REIT PLC,BBG006JNS969
SGRO,SEGRO PLC,BBG000BF1HY7
SHB,SHAFTESBURY PLC,BBG000BF1332
SLI,STANDARD LIFE INV PROP INC,BBG000GD24T1
THRL,TARGET HEALTHCARE REIT LTD,BBG0045ZJ418
TCSC,TOWN CENTRE SECURITIES PLC,BBG000BF37Q6
BBOX,TRITAX BIG BOX REIT PLC,BBG005KMM324
WKP,WORKSPACE GROUP PLC,BBG000BQMXC9
TPF,TALIESIN PROPERTY FUND LTD,BBG000S1MVB1
TALK,TALKTALK TELECOM GROUP,BBG000BCL3V6
TND,TANDEM GROUP PLC,BBG000BWD822
TAN,TANFIELD GROUP PLC,BBG000BVSCD7
TNG,TANGENT COMMUNICATIONS PLC,BBG000F2F742
TAP,TAPTICA INTERNATIONAL LTD,BBG006GS0W51
TRS,TARSUS GROUP PLC,BBG000BZQX08
TAST,TASTY PLC,BBG000GK3ZR7
TATE,TATE & LYLE PLC,BBG000BF33Y6
TAVI,TAVISTOCK INVESTMENTS PLC,BBG000PP54V8
TW/,TAYLOR WIMPEY PLC,BBG000BF4KL1
TEA,TEATHERS FINANCIAL PLC,BBG000BBJCS5
TECH,TECHFINANCIALS INC,BBG0081HFGF5
TED,TED BAKER PLC,BBG000BHP2L4
TJI,TEJOORI LTD,BBG000NGTF12
TEK,TEKCAPITAL PLC,BBG0066JKVR8
TCY,TELECITY GROUP PLC,BBG000RKCM21
TEP,TELECOM PLUS PLC,BBG000CWNGD0
TDE,TELEFONICA SA,BBG000D0MC94
TEF,TELFORD HOMES PLC,BBG000LH0N34
TCM,TELIT COMMUNICATIONS PLC,BBG000BZVZP0
TAL,TEN ALPS PLC,BBG000CY6674
TEN,TENGRI RESOURCES,BBG000BGSPF9
TERN,TERN PLC,BBG000BPN158
TYM,TERTIARY MINERALS PLC,BBG000BMM5Y5
TSCO,TESCO PLC,BBG000BF46Y8
TPL,TETHYS PETROLEUM LTD,BBG001Y20NV0
TFG,TETRAGON FINANCIAL GROUP LTD,BBG00BDKH2N8
TXH,TEX HOLDINGS PLC,BBG000BF4N80
THAL,THALASSA HOLDINGS LTD,BBG000H49BZ0
FUL,THE FULHAM SHORE PLC,BBG007BT67P9
TCG,THOMAS COOK GROUP PLC,BBG000RJ14C5
THR,THOR MINING PLC,BBG000H2F7N9
TFW,THORPE (F.W.) PLC,BBG000BF3DM7
TIR,TIGER RESOURCE FINANCE PLC,BBG000DC0L47
TBGR,TISO BLACKSTAR GROUP SE,BBG000MTP1F5
TRX,TISSUE REGENIX GROUP PLC,BBG000QLFYX7
TON,TITON HOLDINGS PLC,BBG000BF4053
TILS,TIZIANA LIFE SCIENCES PLC,BBG000DRQ7R2
TLA,TLA WORLDWIDE PLC,BBG002B025S8
TLOU,TLOU ENERGY LTD,BBG00BKSZVM0
TMT,TMT INVESTMENTS PLC,BBG001B684H6
TOM,TOMCO ENERGY PLC,BBG001XVLM46
THL,TONGAAT HULETT LTD,BBG000DCR204
TPT,TOPPS TILES PLC,BBG000BG25M3
TMK,TORCHMARK CORP,BBG000KMJ9K6
TRK,TOROTRAK PLC,BBG000C4BPY2
TOT,TOTAL PRODUCE PLC,BBG000QK0FV8
TTA,TOTAL SA,BBG000NRTDD0
TLY,TOTALLY PLC,BBG000BPHB99
2817850Z,TOUCH BIONICS LTD,BBG007F8VBR2
TGL,TOUCHSTONE GOLD LTD,BBG001QY8JK2
TMZ,TOUMAZ LTD,BBG000DJKG50
TRP,TOWER RESOURCES PLC,BBG000QR2D00
TYT,TOYOTA MOTOR CORP,BBG000BPHN57
TPG,TP GROUP PLC,BBG000DJLSV4
TRCS,TRACSIS PLC,BBG000TSFJ26
TRAF,TRAFALGAR NEW HOMES PLC,BBG004TT6P95
TRAK,TRAKM8 HOLDINGS PLC,BBG000BZ39D2
TSG,TRANS-SIBERIAN GOLD PLC,BBG000CHBL18
TRT,TRANSENSE TECHNOLOGIES PLC,BBG000DKLFR4
TPK,TRAVIS PERKINS PLC,BBG000BFDB86
TET,TREATT PLC,BBG000BB41Y8
TRV,TREVERIA PLC,BBG000BQ0V00
TSTR,TRI-STAR RESOURCES PLC,BBG000BT5PC9
TRD,TRIAD GROUP PLC,BBG000BL9R74
TRB,TRIBAL GROUP PLC,BBG000GKSM44
TRIC,TRICOR PLC,BBG000L38QY6
TCN,TRICORN GROUP PLC,BBG000DCQTZ8
TRI,TRIFAST PLC,BBG000BBJJ00
TRIN,TRINITY EXPLORATION & PRODUC,BBG001R6GR34
TNI,TRINITY MIRROR PLC,BBG000BZ17T1
TSTL,TRISTEL PLC,BBG000BL6129
TTG,TT ELECTRONICS PLC,BBG000BF4BL1
TUI,TUI AG-DI,BBG007QX0XP3
TLPR,TULLETT PREBON PLC,BBG000PZTSJ1
TLW,TULLOW OIL PLC,BBG000BF3S99
TUNG,TUNGSTEN CORP PLC,BBG002YTDZS2
TPS,TURBO POWER SYSTEMS INC,BBG000C5XK67
TYMN,TYMAN PLC,BBG000BD0RT7
TYRU,TYRATECH INC - DI,BBG0015HLM84
TYR,TYRATECH INC - REG S,BBG000R6Y3V8
UAI,U AND I GROUP PLC,BBG000BTNQ19
UBI,UBISENSE GROUP PLC,BBG001R6DW81
UBM,UBM PLC,BBG000BFPLC6
UCP,UCP PLC,BBG000P0JQY6
UDG,UDG HEALTHCARE PLC,BBG000BKFMV3
UKM,UK MAIL GROUP PLC,BBG000BY0GP9
UKOG,UK OIL & GAS INVESTMEN,BBG000DJ3535
UKR,UKRPRODUCT GROUP LTD,BBG000QTZ7M9
ULS,ULS TECHNOLOGY PLC,BBG006SXF4Y1
USG,ULTIMATE SPORTS GROUP PLC,BBG000BHYD03
ULE,ULTRA ELECTRONICS HLDGS PLC,BBG000HHH4C3
UEP,UMC ENERGY CORP,BBG000BQ5HG9
ULVR,UNILEVER PLC,BBG000C0M8X7
UJO,UNION JACK OIL PLC,BBG004TT51M4
USY,UNISYS CORP,BBG000KMJL29
UTG,UNITE GROUP PLC,BBG000BWQ5J6
CHOC,UNITED CACAO LTD SEZC,BBG007J7SVL6
UCG,UNITED CARPETS GROUP PLC,BBG000DHBX57
UU/,UNITED UTILITIES GROUP PLC,BBG000BBFLV5
UNG,UNIVERSE GROUP PLC,BBG000LH6G79
UVEL,UNIVISION ENGINEERING LTD,BBG000DWRT74
UPL,UPLAND RESOURCES LTD,BBG00B9H51X4
UEN,URALS ENERGY PUBLIC CO LTD,BBG000CHV4X9
URA,URANIUM RESOURCES PLC,BBG000DVBPW3
UANC,URBAN & CIVIC PLC,BBG000M33V24
URU,URU METALS LTD,BBG000RRFG53
UEMS,UTILICO EMERGING-SUB SHS,BBG00B2X2XN0
UTW,UTILITYWISE PLC,BBG0032GX7X7
UTV,UTV MEDIA PLC,BBG000BF4TF9
VAL,VALIRX PLC,BBG000BD7297
VAST,VAST RESOURCES PLC,BBG000C4JJ96
VEC,VECTURA GROUP PLC,BBG000PRWXX8
VED,VEDANTA RESOURCES PLC,BBG000C305G0
VELA,VELA TECHNOLOGIES PLC,BBG000CFJJB8
VLS,VELOCYS PLC,BBG000JLCGT2
VLOX,VELOX3 PLC,BBG004T6C4C1
VENN,VENN LIFE SCIENCES HOLDINGS,BBG003Q5MDC7
VLG,VENTURE LIFE GROUP PLC,BBG005P36KY6
VZC,VERIZON COMMUNICATIONS INC,BBG000KMKVF1
VER,VERNALIS PLC,BBG000BD67C3
VRP,VERONA PHARMA PLC,BBG000C4TRV2
VRS,VERSARIEN PLC,BBG004DSFF05
VSN,VERSEON CORP,BBG008MJCPP0
VCBC,VERTU CAPITAL LTD,BBG007XKQTL8
VTU,VERTU MOTORS PLC,BBG000Q25037
VSVS,VESUVIUS PLC,BBG000BDBMW2
VNET,VIANET GROUP PLC,BBG000BPPN76
VOG,VICTORIA OIL & GAS PLC,BBG000P5LCQ2
VCP,VICTORIA PLC,BBG000BF4X79
VCT,VICTREX PLC,BBG000BXF9S8
VIP,VIPERA PLC,BBG000D22M72
VM/,VIRGIN MONEY HOLDINGS UK,BBG00782W2N6
VLK,VISLINK PLC,BBG000C3D380
VTC,VITEC GROUP PLC/THE,BBG000BF5463
VIS,VITESSE MEDIA PLC,BBG000DMFLL0
VOD,VODAFONE GROUP PLC,BBG000C6K6G9
VLX,VOLEX PLC,BBG000BF50R8
VGAS,VOLGA GAS PLC,BBG000R4VPM7
FAN,VOLUTION GROUP PLC,BBG006MJRQF7
VLE,VOLVERE PLC,BBG000LHMQG9
VP/,VP PLC,BBG000CM9SB4
WRES,W RESOURCES PLC,BBG000BJ4X26
WHI,W.H. IRELAND GROUP PLC,BBG000C11FZ0
WALG,WALCOM GROUP - D/I,BBG000QJSH47
WCW,WALKER CRIPS GROUP PLC,BBG000H93SY9
WGB,WALKER GREENBANK PLC,BBG000BF5KF7
WAND,WANDISCO PLC,BBG002ZPXXB0
WTG,WATCHSTONE GROUP PLC,BBG000KVBDM3
WATR,WATER INTELLIGENCE PLC,BBG000BP9SZ2
WTM,WATERMAN GROUP PLC,BBG000C96BM1
WTI,WEATHERLY INTERNATIONAL PLC,BBG000BBP8Y0
WEB,WEBIS HOLDINGS PLC,BBG000BVBPF4
WEIR,WEIR GROUP PLC/THE,BBG000BF5HD6
WRL,WENTWORTH RESOURCES LTD,BBG0026Z4VR9
WAFM,WEST AFRICAN MINERALS CORPOR,BBG000GN1DZ3
WSG,WESTMINSTER GROUP PLC,BBG000RJNMG7
WTE,WESTMOUNT ENERGY LTD,BBG000BHJ179
JDW,WETHERSPOON (J.D.) PLC,BBG000BT7S04
SMWH,WH SMITH PLC,BBG000MLFFM4
WTB,WHITBREAD PLC,BBG000BRVH05
1244557D,WHITEWOOD REFF LTD,BBG0088926R9
WHE,WILDHORSE ENERGY,BBG001YDR181
WMH,WILLIAM HILL PLC,BBG000BJW7V0
WIL,WILMINGTON PLC,BBG000FZGLX5
WIN,WINCANTON PLC,BBG000DMFH11
WPHO,WINDAR PHOTONICS PLC,BBG008F206T6
WSBN,WISHBONE GOLD PLC,BBG0035PVY03
WIZZ,WIZZ AIR HOLDINGS PLC,BBG006K4W492
MRW,WM MORRISON SUPERMARKETS,BBG000BDVFV6
WLFE,WOLF MINERALS LTD,BBG0029H02N8
WOS,WOLSELEY PLC,BBG000CPGQ78
WG/,WOOD GROUP (JOHN) PLC,BBG000BCGVQ6
WORK,WORK GROUP PLC,BBG000HLTDB2
WOR,WORLD CAREERS NETWORK PLC,BBG000BBP4M2
WTS,WORLD TRADE SYSTEMS PLC,BBG000CC67M3
WGP,WORLDLINK GROUP PLC,BBG00293WZ06
WPG,WORLDPAY GROUP PLC,BBG00B0TKM55
WSL,WORLDSEC LTD,BBG000BRSN97
WRN,WORTHINGTON GROUP PLC,BBG000BF6DP1
WPP,WPP PLC,BBG000BF6B57
WYG,WYG PLC,BBG000BYPZT6
WYN,WYNNSTAY GROUP PLC,BBG000H1GNT9
WSP,WYNNSTAY PROPERTIES PLC,BBG000FK9H10
XAR,XAAR PLC,BBG000BVKQF2
XCH,XCHANGING PLC,BBG000CX3GP7
XC/A,XCHANGING PLC-NEW,BBG00B6J6S81
XEL,XCITE ENERGY LTD,BBG000P0WWM1
XSG,XEROS TECHNOLOGY GROUP PLC,BBG0064M5F59
XLM,XLMEDIA PLC,BBG00645QMP6
XPP,XP POWER LTD,BBG000BZMBQ2
XPL,XPLORER PLC,BBG004TCCPP7
XTR,XTRACT RESOURCES PLC,BBG000C4TK65
YOLO,YOLO LEISURE AND TECHNOLOGY,BBG000MPYTD4
YOU,YOUGOV PLC,BBG000BK7MD2
YNGA,YOUNG & CO'S BREWERY PLC - A,BBG000BF6LW5
YNGN,YOUNG & CO'S BREWERY PLC -NV,BBG000BF6N79
YUJ,YUJIN INTERNATIONAL LTD,BBG000BYCM82
ZMNO,ZAMANO PLC,BBG000Q3ZFS2
ZAM,ZAMBEEF PRODUCTS PLC,BBG001QZRLJ5
ZIOC,ZANAGA IRON ORE CO LTD-DI,BBG001944L17
ZCC,ZCCM INVESTMENT HOLDINGS-B,BBG000BGZ379
ZEG,ZEGONA COMMUNICATIONS PLC,BBG0088LC9Y7
ZHEH,ZHEJIANG EXPRESSWAY CO-H,BBG000C9PJ52
ZBO,ZIBAO METALS RECYCLING HOLDI,BBG006LXBVG2
ZOX,ZINCOX RESOURCES PLC,BBG000BV7JG2
ZOL,ZOLTAV RESOURCES INC,BBG000LNVVW7
ZOO,ZOO DIGITAL GROUP PLC,BBG000DBR279
ZPLA,ZOOPLA PROPERTY GROUP PLC,BBG006K4WHV8
ZTF,ZOTEFOAMS PLC,BBG000BGXLF2
ZYT,ZYTRONIC PLC,BBG000BZPV76
DGE$,DIAGEO PLC-SPONSORED ADR,BBG000BVJ338
81JK,GAZPROM PAO-ADR 144A,BBG0083BXBT2
LKOE,LUKOIL PJSC-ADR 144A,BBG007YYGT38
0943421D,METRO CASH & CARRY LLC,BBG005WNKT51
BG04,QATAR TELECOM-SPONS 144A ADR,BBG004TTH7H4
BSY$,SKY PLC-SPN ADR,BBG000DXDKQ5
39IS,TURKIYE GARANTI BA-144A ADR,BBG0083BXWL4
UU/$,UNITED UTILITIES GROUP-ADR,BBG000BZFQ23
OIL,0915988 BC LTD,BBG000BV1XT3
OPM,1PM PLC,BBG000H2KS48
SPA,1SPATIAL PLC,BBG000BP68Z9
C21,21ST CENTURY TECHNOLOGY PLC,BBG000FMDKF9
TTR,32RED PLC,BBG000GWRFT7
365,365 AGILE GROUP PLC,BBG000R6FP04
III,3I GROUP PLC,BBG000BZZ876
3LEG,3LEGS RESOURCES PLC,BBG001QSN1B7
DDDD,4D PHARMA PLC,BBG005YXXLG8
FOUR,4IMPRINT GROUP PLC,BBG000C7ZNX5
7DIG,7 DIGITAL GROUP PLC,BBG000BZ94Z3
88E,88 ENERGY LTD,BBG002GGCMM6
888,888 HOLDINGS PLC,BBG000BMC9N0
AA/,AA PLC,BBG006M6SXL2
ABDP,AB DYNAMICS PLC,BBG004LSD1V5
ABBY,ABBEY PLC,BBG000BD3PK7
ABT,ABBOTT LABORATORIES,BBG000C3CY56
ABC,ABCAM PLC,BBG000JT2QS5
ADN,ABERDEEN ASSET MGMT PLC,BBG000BB8XR2
ABZA,ABZENA PLC,BBG006QRCM15
ACA,ACACIA MINING PLC,BBG000QC7GV7
1314898D,ACACIA PHARMA GROUP PLC,BBG00B07GRC9
ACL,ACAL PLC,BBG000BF7HX2
ACC,ACCESS INTELLIGENCE PLC,BBG000D3CFN6
ACSO,ACCESSO TECHNOLOGY GROUP PLC,BBG000DZ5TN3
AXS,ACCSYS TECHNOLOGIES PLC,BBG000GZVR64
ACO,ACORN MINERALS PLC,BBG003LNWGP1
AHCG,ACTION HOTELS PLC,BBG005P7B4S4
AEG,ACTIVE ENERGY GROUP PLC,BBG000BCR1Q0
ACT,ACTUAL EXPERIENCE PLC,BBG005TX8RJ6
ADAM,ADAMAS FINANCE ASIA LTD,BBG000PNQNP5
ADA,ADAMS PLC,BBG000HWSVH3
ADT,ADEPT TELECOM PLC,BBG000MR2NT1
ADGO,ADGORITHMS LTD,BBG009BCLSM2
ADM,ADMIRAL GROUP PLC,BBG000PG2GZ0
AMS,ADVANCED MEDICAL SOLUTIONS,BBG000BFGMT6
AVO,ADVANCED ONCOTHERAPY PLC,BBG000PWFPZ1
AFN,ADVFN PLC,BBG000BRW1J9
AEC,AEC EDUCATION PLC,BBG000BGRWM7
AEO,AEOREMA COMMUNICATIONS GROUP,BBG000MXYXB0
AFRK,AFARAK GROUP OYJ,BBG000TTN9R0
AFC,AFC ENERGY PLC,BBG000QWQ5W5
AFHP,AFH FINANCIAL GROUP PLC,BBG006QVMLC5
AFRB,AFI DEVELOPMENT PLC - B SHS,BBG000WH3M40
82914Z,AFILIAS LTD,BBG007D9ZZQ6
AFRI,AFRIAG PLC,BBG001864YT5
AFPO,AFRICAN POTASH LTD,BBG0024F6QK1
AMPH,AGGREGATED MICRO POWER HOLDI,BBG006R9FM39
AGK,AGGREKO PLC,BBG000BV2VX1
AGTA,AGRITERRA LTD,BBG000QTGQY5
AIRC,AIR CHINA LTD-H,BBG000PX0YT3
AIR,AIR PARTNER PLC,BBG000BZLRD2
AIEA,AIREA PLC,BBG000BF2HT2
AKR,AKERS BIOSCIENCES INC,BBG000CVFSB7
ANH,AL NOOR HOSPITALS GROUP,BBG004N6WB02
ALBA,ALBA MINERAL RESOURCES PLC,BBG000F1WX20
ALD,ALDERMORE GROUP PLC,BBG007614SV5
ALO,ALECTO MINERALS PLC,BBG000C3L719
ALNT,ALENT PLC,BBG003QGH8L0
AXM,ALEXANDER MINING PLC,BBG000F1QGQ8
AAA,ALL ASIA ASSET CAPITAL LTD,BBG004FNB2C4
ALLG,ALL LEISURE GROUP PLC,BBG000Q8JMN9
AGY,ALLERGY THERAPEUTICS PLC,BBG000F797G5
APH,ALLIANCE PHARMA PLC,BBG000BB8ZP9
ALM,ALLIED MINDS PLC,BBG006JKC953
ARGP,ALPHA RETURNS GROUP PLC,BBG000QP9QS8
AN/,ALTERNATIVE NETWORKS PLC,BBG000DVXG86
ALT,ALTITUDE GROUP PLC,BBG000BQ9MP4
ANR,ALTONA ENERGY PLC,BBG000C2R010
ALU,ALUMASC GROUP PLC,BBG000BD4G80
AMA,AMARA MINING PLC,BBG000D9VHY6
AMBR,AMBRIAN PLC,BBG000BRPNG2
AMFW,AMEC FOSTER WHEELER PLC,BBG000BD4LJ7
AA4,AMEDEO AIR FOUR PLUS LTD,BBG008N0NY51
AMED,AMEDEO RESOURCES PLC,BBG000BYZKQ1
AMER,AMERISUR RESOURCES PLC,BBG000PM1XH1
AFS,AMIAD WATER SYSTEMS LTD,BBG000C06Z92
AEX,AMINEX PLC,BBG000BS9470
AMO,AMINO TECHNOLOGIES PLC,BBG000LGNNR5
AML,AMLIN PLC,BBG000BQCH62
AMP,AMPHION INNOVATIONS PLC,BBG000C1M0D4
AMC,AMUR MINERALS CORP,BBG000F23MT5
ANA,ANA HOLDINGS INC,BBG000BTHBF4
AEN,ANDES ENERGIA PLC,BBG000KLQVS3
ASY,ANDREWS SYKES GROUP PLC,BBG000BRVJZ3
AGL,ANGLE PLC,BBG000L63ZN6
AYM,ANGLESEY MINING PLC,BBG000BF90C0
AAAP,ANGLO AFRICAN AGRICULTURE PL,BBG009NP5JS2
AAL,ANGLO AMERICAN PLC,BBG000BWF7M0
AAZ,ANGLO ASIAN MINING PLC,BBG000HQT7V2
APF,ANGLO PACIFIC GROUP PLC,BBG000BS5M92
AEP,ANGLO-EASTERN PLANTATIONS,BBG000BD4012
ANCR,ANIMALCARE GROUP PLC,BBG000RMG7S8
ANP,ANPARIO PLC,BBG000G39D98
ANTO,ANTOFAGASTA PLC,BBG000BD4SC9
AEY,ANTRIM ENERGY INC,BBG000FHR390
AO/,AO WORLD PLC,BBG005ZD5X21
AOR,AORTECH INTERNATIONAL PLC,BBG000BQGDZ5
APC,APC TECHNOLOGY GROUP PLC,BBG000BBQ9K2
APGN,APPLEGREEN PLC,BBG009BHTHT0
AGM,APPLIED GRAPHENE MATERIALS P,BBG005M0GF75
APR,APR ENERGY PLC,BBG000Q7RWS5
APRA,APR ENERGY PLC-NEW,BBG00B9MM039
ABTU,AQUA BOUNTY TECHNOLO-NEW SHA,BBG007HWZ818
AQP,AQUARIUS PLATINUM LTD,BBG000BG55S4
AFG,AQUATIC FOODS GROUP PLC,BBG007XLXW95
ARBB,ARBUTHNOT BANKING GROUP PLC,BBG000BFDJH9
ARC,ARCONTECH GROUP PLC,BBG000DTQ752
ARDN,ARDEN PARTNERS PLC,BBG000F1RPD1
ARGO,ARGO GROUP LTD,BBG000FW0C14
ARG,ARGOS RESOURCES LTD-DI,BBG000BB55D1
AGQ,ARIAN SILVER CORP,BBG000Q0CSB3
AAU,ARIANA RESOURCES PLC,BBG000HS6W02
1290280D,ARIES TELECOMS PLC,BBG009F3KSD9
ARM,ARM HOLDINGS PLC,BBG000C21L21
ACP,ARMADALE CAPITAL PLC,BBG000BVBYY4
AMR,ARMOUR GROUP PLC,BBG000BD4N76
AVP,ARMSTRONG VENTURES PLC,BBG000M2NJK1
NLG,ARRIA NLG PLC,BBG005NN6J59
ARO,ARRICANO REAL ESTATE PLC,BBG004XQ5G06
ARW,ARROW GLOBAL GROUP PLC,BBG0058141G3
ARTA,ARTILIUM PLC,BBG000BWYD55
ASA,ASA RESOURCE GROUP PLC,BBG000FLYF96
AST,ASCENT RESOURCES PLC,BBG000QLHRG9
ASPL,ASEANA PROPERTIES LTD,BBG000R3M534
ALY,ASHLEY (LAURA) HOLDINGS PLC,BBG000BD4J75
ASH,ASHLEY HOUSE PLC,BBG000H8FYF6
ASHM,ASHMORE GROUP PLC,BBG000BQY7Z8
AHT,ASHTEAD GROUP PLC,BBG000BD42C6
ACHP,ASIA CERAMICS HOLDINGS PLC,BBG0015RLS89
ARS,ASIAMET RESOURCES LTD,BBG000CS8RH8
ACHL,ASIAN CITRUS HOLDINGS LTD,BBG000BR7BF9
AGP,ASIAN GROWTH PROPERTIES LTD,BBG000LZZTD2
ASC,ASOS PLC,BBG000KL73H8
ASTO,ASSETCO PLC,BBG000DYX9K2
ASBE,ASSOC BRITISH ENGINEERING,BBG000BD57G0
ABF,ASSOCIATED BRITISH FOODS PLC,BBG000BD3SC0
AZN,ASTRAZENECA PLC,BBG000C0YGH4
ATYM,ATALAYA MINING PLC,BBG000G22HZ9
ATK,ATKINS (WS) PLC,BBG000BN0933
ATC,ATLANTIC COAL PLC,BBG000BM56J9
ARL,ATLANTIS RESOURCES LTD,BBG005YPF9L6
ADSS,ATLAS DEVELOPMENT & SUPPORT,BBG004P7SSZ8
ATMA,ATLAS MARA LTD,BBG005PD4Q82
ATQT,ATTRAQT GROUP LTD,BBG006XR37L8
AUCT,AUCTUS GROWTH PLC,BBG007171S86
BOOM,AUDIOBOOM GROUP PLC,BBG000GL1D96
AUG,AUGEAN PLC,BBG000Q6V4F8
ACE,AUHUA CLEAN ENERGY PLC,BBG002CGV270
AUK,AUKETT SWANKE GROUP PLC,BBG000BD5DZ6
AUM,AURASIAN MINERALS PLC,BBG000CSJTG3
AUE,AUREUS MINING INC,BBG001MG89T8
AUR,AURUM MINING PLC,BBG000M14G84
AUTO,AUTO TRADER GROUP PLC,BBG0086LKMG1
AVCT,AVACTA GROUP PLC,BBG000KWN5J9
AVA,AVANTI CAPITAL PLC,BBG000BCBGR3
AVN,AVANTI COMMUNICATIONS GROUP,BBG000R1XS18
AVR,AVARAE GLOBAL COINS PLC,BBG000PM4K31
AVAP,AVATION PLC,BBG00172J1L9
AVS,AVESCO GROUP PLC,BBG000BD5KR9
AVV,AVEVA GROUP PLC,BBG000C21Y87
AVG,AVINGTRANS PLC,BBG000CFNHP2
AV/,AVIVA PLC,BBG000DCK9D2
AVM,AVOCET MINING PLC,BBG000DN7JB3
AVON,AVON RUBBER PLC,BBG000BD5J65
BME,B&M EUROPEAN VALUE RETAIL SA,BBG006K4W740
BPM,B.P. MARSH & PARTNERS,BBG000M6QWV8
BAB,BABCOCK INTL GROUP PLC,BBG000BQNKS9
BCN,BACANORA MINERALS LTD,BBG006WQQNY7
BA/,BAE SYSTEMS PLC,BBG000BD5TW4
BAGR,BAGIR GROUP LTD,BBG0069NGLD8
BPC,BAHAMAS PETROLEUM CO PLC,BBG000QLH2B9
BLEY,BAILEY (C.H.) PLC,BBG000BD76H9
BBY,BALFOUR BEATTY PLC,BBG000C4KB46
BVA,BANCO BILBAO VIZCAYA ARGENTA,BBG000NRTHF9
BNC,BANCO SANTANDER SA,BBG000L0JNQ6
BGO,BANGO PLC,BBG000GX4BK8
BAC,BANK OF AMERICA CORP,BBG000DY8Y70
BKIR,BANK OF IRELAND,BBG000BD6YH9
BNK,BANKERS PETROLEUM LTD,BBG000LFC320
BARC,BARCLAYS PLC,BBG000C04D57
BWO,BARLOWORLD LTD,BBG000DCR5L4
BOIL,BARON OIL PLC,BBG000Q4J9Y5
BAG,BARR (A.G.) PLC,BBG000BD5Y53
BDEV,BARRATT DEVELOPMENTS PLC,BBG000BD6DG6
BSE,BASE RESOURCES LTD,BBG003T12W06
BFA,BASF SE,BBG000BVJ588
BVC,BATM ADVANCED COMMUNICATIONS,BBG000BFJDX8
BBA,BBA AVIATION PLC,BBG000BD61W4
BDG,BBI DIAGNOSTICS GROUP PLC-WI,BBG006JC3XT2
BCA,BCA MARKETPLACE PLC,BBG007FCQTP2
BCB,BCB HOLDINGS LTD,BBG000FXDRB4
BHRD,BE HEARD GROUP PLC,BBG007R9P3B9
BEZ,BEAZLEY PLC,BBG000PKFR65
BEG,BEGBIES TRAYNOR GROUP PLC,BBG000C3HQ76
BVM,BELGRAVIUM TECHNOLOGIES PLC,BBG000BX1JG4
BWY,BELLWAY PLC,BBG000BD8XY0
BZM,BELLZONE MINING PLC,BBG000QJCJV0
BLV,BELVOIR LETTINGS PLC,BBG002PD6299
BMK,BENCHMARK HOLDINGS PLC,BBG005NQ4Y88
BEM,BEOWULF MINING PLC,BBG000QVWS23
BRSN,BERENDSEN PLC,BBG000BDFLF9
BKY,BERKELEY ENERGY LTD,BBG000R96183
BKG,BERKELEY GROUP HOLDINGS,BBG000BD7064
BOTB,BEST OF THE BEST PLC,BBG000BWFC21
BET,BETFAIR GROUP PLC,BBG0016NB9J8
BZT,BEZANT RESOURCES PLC,BBG000C4FR65
BG/,BG GROUP PLC,BBG000F6L559
BGEO,BGEO GROUP PLC,BBG002CR6G19
BLT,BHP BILLITON PLC,BBG000BBQHY9
0982478D,BIG RED CLOUD GROUP PLC,BBG006G0ZXX1
BILB,BILBY PLC,BBG0081S3577
BILL,BILLING SERVICES GROUP LTD,BBG000BYM114
BILN,BILLINGTON HOLDINGS PLC,BBG000FLYJ34
B8F,BIOFRONTERA AG,BBG006L52B86
BIOM,BIOME TECHNOLOGIES PLC,BBG000BS80H8
BQE,BIOQUELL PLC,BBG000C4M0J2
BVXP,BIOVENTIX PLC,BBG006F52B01
BISI,BISICHI MINING PLC,BBG000BD6W74
BNR,BLENHEIM NATURAL RESOURCES P,BBG000BNZJY9
BLNX,BLINKX PLC,BBG000R8X7Z2
BMY,BLOOMSBURY PUBLISHING PLC,BBG000D8KNJ4
BLU,BLUE STAR CAPITAL PLC,BBG000D5BJJ9
BRD,BLUEROCK DIAMONDS PLC,BBG0057F9HK8
BLUR,BLUR GROUP PLC,BBG003G3GR93
BMR,BMR MINING PLC,BBG000BF2JX3
BOY,BODYCOTE PLC,BBG000BD7YV2
BOE,BOEING CO/THE,BBG000NP0FS4
BOL,BOLTON GROUP INTL LTD,BBG000BBJ3Y8
BDI,BOND INTERNATIONAL SOFTWARE,BBG000BDC2X4
BON,BONMARCHE HOLDINGS PLC,BBG005L9CS64
BOO,BOOHOO.COM PLC,BBG00639ZLK6
BOK,BOOKER GROUP PLC,BBG000C2WZL5
BHY,BOOT (HENRY) PLC,BBG000BD6RL9
BOR,BORDERS & SOUTHERN PETROLEUM,BBG000GJCL37
BOD,BOTSWANA DIAMONDS PLC,BBG001HM2123
BOU,BOUSTEAD PLC,BBG000BZ76K6
BVS,BOVIS HOMES GROUP PLC,BBG000BMLXN7
BLVN,BOWLEVEN PLC,BBG000CK1SB6
BOX,BOXHILL TECHNOLOGIES PLC,BBG000KF3W72
BP/,BP PLC,BBG000C05BD1
BCRE,BRACK CAPITAL REAL ESTATE IN,BBG006KCSDL5
BRY,BRADY PLC,BBG000Q0CVK6
BMS,BRAEMAR SHIPPING SERVICES PL,BBG000GG2KG2
BMTO,BRAIME (TF & JH)(HLDGS) PLC,BBG000BFJ1P3
BMT,"BRAIME (TF & JH)-""A""NON VOTG",BBG000BFHY37
BJU,BRAINJUICER GROUP PLC,BBG000BV73N9
BRAM,BRAMMER PLC,BBG000BD84L8
BRH,BRAVEHEART INVESTMENT GROUP,BBG000JN17P4
BREE,BREEDON AGGREGATES LTD,BBG000CN18K4
BRW,BREWIN DOLPHIN HOLDINGS PLC,BBG000CL41N7
BATS,BRITISH AMERICAN TOBACCO PLC,BBG000BG9N74
BPI,BRITISH POLYTHENE INDUSTRIES,BBG000BBQXS1
BVIC,BRITVIC PLC,BBG000BM6HY7
BRK,BROOKS MACDONALD GROUP PLC,BBG000C4BXP5
BWNG,BROWN (N) GROUP PLC,BBG000BD8W27
BSD,BSD CROWN LTD,BBG000C3RLT2
BT/A,BT GROUP PLC,BBG000C05R82
BTG,BTG PLC,BBG000BZZKH8
BNZL,BUNZL PLC,BBG000BD7MX6
BRBY,BURBERRY GROUP PLC,BBG000NSXQ99
BUR,BURFORD CAPITAL LTD,BBG000PN88Q7
BMN,BUSHVELD MINERALS LTD,BBG002QLT990
BPTY,BWIN PARTY DIGITAL ENTERTAIN,BBG000Q5VTM7
BYOT,BYOTROL PLC,BBG000BY9QT4
CCR,C&C GROUP PLC,BBG000FGQFW0
C4XD,C4X DISCOVERY HOLDINGS PLC,BBG0076LSJN4
CWC,CABLE & WIRELESS COMMUNICATI,BBG000D0H158
CAD,CADOGAN PETROLEUM PLC,BBG000PNDWZ8
CFYN,CAFFYNS PLC,BBG000BD9XL3
CNE,CAIRN ENERGY PLC,BBG000BDBZP1
CRN,CAIRN HOMES PLC,BBG009BSWF89
CMCL,CALEDONIA MINING CORP,BBG000LC5RG7
CNN,CALEDONIAN TRUST PLC,BBG000BFKSW4
CMBN,CAMBIAN GROUP PLC,BBG00666C253
TREE,CAMBIUM GLOBAL TIMBERLAND LT,BBG000MG77J6
CMB,CAMBRIA AFRICA PLC,BBG000TXV4N7
CAMB,CAMBRIA AUTOMOBILES PLC,BBG000QLQQF2
COG,CAMBRIDGE COGNITION HOLDINGS,BBG004BQ8QB3
CAM,CAMELLIA PLC,BBG000BLW2V6
CNMI,CAMPER & NICHOLSONS MARINA,BBG000PFNCP9
CF/,CANACCORD GENUITY GROUP INC,BBG000QWVYH3
COPL,CANADIAN OVERSEAS PETROLEUM,BBG006980W26
CPX,CAP-XX LTD,BBG000NVM4Q4
CIU,CAPE PLC,BBG000BDBG55
CPI,CAPITA PLC,BBG000BDCHL4
CAPC,CAPITAL & COUNTIES PROPERTIE,BBG000QGZPQ3
CAPD,CAPITAL DRILLING LTD,BBG000R0CS68
CMIP,CAPITAL MANAGEMENT & INVESTM,BBG000CKF2Q2
CAR,CARCLO PLC,BBG000C349W0
CARD,CARD FACTORY PLC,BBG006D88KM7
CDFF,CARDIFF PROPERTY PLC,BBG000BD9P30
CTH,CARETECH HOLDINGS PLC,BBG000BM1G83
CLLN,CARILLION PLC,BBG000BGP5Y5
CCL,CARNIVAL PLC,BBG000C3J543
CPR,CARPETRIGHT PLC,BBG000BCP841
CARR,CARR'S GROUP PLC,BBG000BWC3Y9
CGS,CASTINGS PLC,BBG000BXPVP1
CSI,CASTLE STREET INVESTMENTS PL,BBG000R327J5
CTP,CASTLETON TECHNOLOGY PLC,BBG000C3CQ53
CMX,CATALYST MEDIA GROUP PLC,BBG000BWGR54
CTI,CATHAY INTERNATIONAL HLDGS,BBG000GSV158
CAZA,CAZA OIL & GAS INC,BBG000RW2596
CDOG,CDIALOGUES PLC,BBG006N6QK22
CEB,CEB RESOURCES PLC,BBG000QJQYC3
CLTV,CELLCAST PLC,BBG000DXVDG2
CLL,CELLO GROUP PLC,BBG000QD93N1
CCP,CELTIC PLC,BBG000BD10S6
CNKS,CENKOS SECURITIES PLC,BBG000CZVQ06
CEY,CENTAMIN PLC,BBG000D32QC5
CAU,CENTAUR MEDIA PLC,BBG000BLYDQ6
CAML,CENTRAL ASIA METALS PLC,BBG0015YLBD5
CRND,CENTRAL RAND GOLD LTD,BBG000TTMQ93
CNIC,CENTRALNIC GROUP PLC,BBG00539JML3
CNA,CENTRICA PLC,BBG000BPFPZ1
CEPS,CEPS PLC,BBG000BDDKX3
CWR,CERES POWER HOLDINGS PLC,BBG000BYZMV1
CGH,CHAARAT GOLD HOLDINGS LTD,BBG000TW13T8
CGLO,CHAGALA GROUP LTD,BBG00BGPT448
CHAL,CHALLENGER ACQUISITIONS LTD,BBG00848VYX5
CMH,CHAMBERLIN PLC,BBG000BNW518
CCT,CHARACTER GROUP PLC,BBG000BFJMY7
CHAR,CHARIOT OIL & GAS LTD,BBG000FMWCL9
CCAP,CHARLEMAGNE CAPITAL LTD,BBG000Q9ZSJ1
CAY,CHARLES STANLEY GROUP PLC,BBG000BVYXF2
CTR,CHARLES TAYLOR PLC,BBG000BNTDC3
CRP,CHATHAM ROCK PHOSPHATE LTD,BBG006S53M66
CHG,CHEMRING GROUP PLC,BBG000BDB2P4
CSN,CHESNARA PLC,BBG000MLNK44
CAF,CHINA AFRICA RESOURCES PLC,BBG001YCQ4D2
CNEL,CHINA NEW ENERGY LTD,BBG001PK88Q1
CNG,CHINA NONFERROUS GOLD LTD,BBG000DLT5H7
CTG,CHRISTIE GROUP PLC,BBG000BDD1X5
CHH,CHURCHILL CHINA PLC,BBG000DP42G3
CHL,CHURCHILL MINING PLC,BBG000FWY5D9
CICG,CIC GOLD GROUP LTD,BBG009F4W0C6
CINE,CINEWORLD GROUP PLC,BBG000PFYVW7
CIR,CIRCASSIA PHARMACEUTICA,BBG005ZCRNB1
CIRC,CIRCLE HOLDINGS LTD,BBG001R16XG9
COP,CIRCLE OIL PLC,BBG000QBWGP8
CIN,CITY OF LONDON GROUP PLC,BBG000BDBDJ7
CLIG,CITY OF LONDON INVESTMENT GR,BBG000GSPC88
CFHL,CITYFIBRE INFRASTRUCTURE HOL,BBG005TSKCM2
CTO,CLARKE (T.) PLC,BBG000BDD511
CKN,CLARKSON PLC,BBG000BDBJ68
CLP,CLEAR LEISURE PLC,BBG000BRC2W4
CLST,CLEARSTAR INC,BBG006QVT294
CLSU,CLEARSTAR INC,BBG009LB1FB5
CLIN,CLINIGEN GROUP PLC,BBG003FD8YR6
CLG,CLIPPER LOGISTICS PLC,BBG006G102V7
CLON,CLONTARF ENERGY PLC,BBG000H46416
CBG,CLOSE BROTHERS GROUP PLC,BBG000BD9F14
CBUY,CLOUDBUY PLC,BBG000GP1WZ6
CTAG,CLOUDTAG INC,BBG003PFZ851
CLI,CLS HOLDINGS PLC,BBG000BFKJ90
CLNR,CLUFF NATURAL RESOURCES PLC,BBG003218C49
1183Z,CLYDESDALE BANK,BBG00B9TYWG7
CML,CML MICROSYSTEMS PLC,BBG000BDBVL4
CZA,COAL OF AFRICA LTD,BBG000Q1VNJ3
COA,COATS GROUP PLC,BBG000BD7JX3
COB,COBHAM PLC,BBG000BS6810
CCH,COCA-COLA HBC AG-DI,BBG004HJRJ19
CHRT,COHORT PLC,BBG000CB5WM1
CFX,COLEFAX GROUP PLC,BBG000C30J16
COS,COLLAGEN SOLUTIONS PLC,BBG004BZGNY6
CZB,COMMERZBANK AG,BBG000BH7WJ1
CMS,COMMUNISIS PLC,BBG000M7NZ06
COD,COMPAGNIE DE SAINT GOBAIN,BBG000BH91L4
CPG,COMPASS GROUP PLC,BBG000FNNYW7
CCC,COMPUTACENTER PLC,BBG000BN7DF4
COMS,COMS PLC,BBG000MHTJF8
CHA,CONCHA PLC,BBG000FVVPX8
CNC,CONCURRENT TECHNOLOGIES PLC,BBG000BFKQ12
CNR,CONDOR GOLD PLC,BBG000DRJNM0
CNCT,CONNECT GROUP PLC,BBG000MLFJP3
CON,CONNEMARA MINING COMPANY PLC,BBG000MJR9V0
CGNR,CONROY GOLD AND NATURAL RESO,BBG000BBSBF1
CSRT,CONSORT MEDICAL PLC,BBG000BD82L2
CHT,CONSTELLATION HEALTHCARE TEC,BBG007LN1NB6
CVR,CONVIVIALITY PLC,BBG004VDFSG3
CIC,CONYGAR INVESTMENT CO PLC,BBG000BZ34Q9
CRU,CORAL PRODUCTS PLC,BBG000F50377
CNS,CORERO NETWORK SECURITY PLC,BBG000BHJK22
COST,COSTAIN GROUP PLC,BBG000BDCD60
CWD,COUNTRYWIDE PLC,BBG004BRWPJ8
CPS,CPL RESOURCES PLC,BBG000BYHCR8
CPP,CPP GROUP PLC,BBG000BDZJF2
CRW,CRANEWARE PLC,BBG000SQ6W68
CWK,CRANSWICK PLC,BBG000BDDCT6
CRV,CRAVEN HOUSE CAPITAL PLC,BBG000Q5RG13
CRAW,CRAWSHAW GROUP PLC,BBG000LKB6H7
CRL,CREIGHTONS PLC,BBG000BDCQG0
CRST,CREST NICHOLSON HOLDINGS,BBG00443M5H6
CRE,CRESTON PLC,BBG000BFD286
CRH,CRH PLC,BBG000BDCN13
TIDE,CRIMSON TIDE PLC,BBG000BDB0T4
CRDA,CRODA INTERNATIONAL PLC,BBG000BDCLS8
CSSG,CROMA SECURITY SOLUTIONS GRO,BBG000D083W4
CRON,CRONIN GROUP PLC,BBG000HQML93
CRPR,CROPPER (JAMES) PLC,BBG000BDCSF7
CROS,CROSSRIDER PLC,BBG0072BNTN3
CSFG,CSF GROUP PLC,BBG000D32JL1
CBP,CURTIS BANKS GROUP PLC,BBG008KR83Q7
CVSG,CVS GROUP PLC,BBG000THQ163
CYAN,CYAN HOLDINGS PLC,BBG000BX21L6
CRX,CYPROTEX PLC,BBG000M8PC58
DJAN,DAEJAN HOLDINGS PLC,BBG000BDDMQ7
DAIP,DAILY INTERNET PLC,BBG003TNSLB2
DMGT,DAILY MAIL&GENERAL TST-A NV,BBG000BDDZY9
DCG,DAIRY CREST GROUP PLC,BBG000BFLDN6
DFIB,DAIRY FARM INTL HLDGS LTD,BBG000RP00R4
DFIJ,DAIRY FARM INTL HLDGS LTD,BBG000RP02Q1
DFI,DAIRY FARM INTL HLDGS LTD,BBG000BHB0C3
DAL,DALATA HOTEL GROUP PLC,BBG00662ZYP5
DALR,DALRADIAN RESOURCES INC,BBG007NLBF97
DAN,DANIEL STEWART SECURITIES,BBG000G1QN91
DTG,DART GROUP PLC,BBG000BS48V9
DRTY,DARTY PLC,BBG000NYMXH4
DAT,DATANG INTL POWER GEN CO-H,BBG000C04L95
DTC,DATATEC LTD,BBG000PT7GS5
DCC,DCC PLC,BBG000BFLBK3
DCD,DCD MEDIA PLC,BBG000BBSWR2
DDD,DDD GROUP PLC,BBG000BNTRZ7
DLAR,DE LA RUE PLC,BBG000BDDQS6
DEB,DEBENHAMS PLC,BBG000P5DRT5
DPH,DECHRA PHARMACEUTICALS PLC,BBG000C63FF9
DVW,DEE VALLEY GROUP PLC,BBG000BSVKJ6
DVWA,DEE VALLEY GROUP-NON-VOTING,BBG000BM5D77
1342238D,DEFENX PLC,BBG00BGKL660
DKL,DEKELOIL PUBLIC LTD-DI,BBG0049112Y6
DEMG,DELTEX MEDICAL GROUP PLC,BBG000DMMJM6
DVO,DEVRO PLC,BBG000BHV479
DWHA,DEWHURST PLC  -CL  A  NV,BBG000BDFMF7
DWHT,DEWHURST PLC - ORD,BBG000BDFP79
DFS,DFS FURNITURE PLC,BBG0082YWWZ1
DGE,DIAGEO PLC,BBG000BS69D5
DIA,DIALIGHT PLC,BBG000BLQNG4
DCP,DIAMONDCORP PLC,BBG000QXSFG7
DGB,DIGITAL BARRIERS PLC,BBG000QD0Z40
DGS,DIGITAL GLOBE SERVICES LTD,BBG00443F5R3
DTY,DIGNITY PLC,BBG000MFRFJ8
DSG,DILLISTONE GROUP PLC,BBG000DP6324
DPLM,DIPLOMA PLC,BBG000BDFG24
DLG,DIRECT LINE INSURANCE GROUP,BBG003CZ6DZ9
DIS,DISTIL PLC,BBG000GLR3B7
DC/,DIXONS CARPHONE PLC,BBG000Q950P8
DJI,DJI HOLDINGS PLC,BBG006QQWTJ1
DODS,DODS GROUP PLC,BBG000LH6LM1
DCI,DOLPHIN CAPITAL INVESTORS,BBG000DMC5T0
DOM,DOMINO'S PIZZA GROUP PLC,BBG000BMQRR1
DOR,DORIEMUS PLC,BBG000K7HNV8
DOTD,DOTDIGITAL GROUP PLC,BBG001LSHYT8
DPA,DP AIRCRAFT LTD,BBG005CW6PC9
DPP,DP POLAND PLC,BBG000BCH109
DQE,DQ ENTERTAINMENT PLC,BBG000V05XL3
DRG,DRAGANFLY INVESTMENTS LTD,BBG000G41XT8
DUPD,DRAGON-UKRAINIAN PROPERTIES,BBG000RFZLQ3
DRX,DRAX GROUP PLC,BBG000Q7BT54
DRV,DRIVER GROUP PLC,BBG000JM01S7
DRS,DRS DATA & RESEARCH SVCS PLC,BBG000BFLRF4
SMDS,DS SMITH PLC,BBG000BF1LF9
DUKE,DUKE ROYALTY LTD,BBG0035645L5
DNLM,DUNELM GROUP PLC,BBG000N9X1Q7
DX/,DX GROUP PLC,BBG006075T01
ETX,E-THERAPEUTICS PLC,BBG000R6HLH3
E2V,E2V TECHNOLOGIES PLC,BBG000PZRY82
EYE,EAGLE EYE SOLUTIONS GROUP PL,BBG0068R6V30
EPO,EARTHPORT PLC,BBG000DNLPQ7
EBIV,EASTBRIDGE INVESTMENTS PLC,BBG000BN5395
EZH,EASYHOTEL PLC,BBG006K6YBT7
EZJ,EASYJET PLC,BBG000CMY198
EBQ,EBIQUITY PLC,BBG000BV5MN9
ECK,ECKOH PLC,BBG000D7RDT0
BAR,ECLECTIC BAR GROUP PLC,BBG005NB99K7
EAH,ECO ANIMAL HEALTH GROUP PLC,BBG000FL4DQ5
ECV,ECO CITY VEHICLES PLC,BBG000RG7051
ECR,ECR MINERALS PLC,BBG000Q1YQG6
EDEN,EDEN RESEARCH PLC,BBG002V28LY4
EDL,EDENVILLE ENERGY PLC,BBG000QF3557
EDG,EDGE RESOURCES INC,BBG0035ZL2Z4
3081316Z,EDISTON PROPERTIES LTD,BBG006Z599D3
EGS,EG SOLUTIONS PLC,BBG000DF6DY9
EDR,EGDON RESOURCES PLC,BBG000DYTBP7
EIH,EIH PLC,BBG000PX4V79
EKF,EKF DIAGNOSTICS HOLDINGS PLC,BBG000BVNBN3
ELA,ELAND OIL & GAS PLC,BBG0035T85V0
ELCO,ELECOSOFT PLC,BBG000BDGBD2
ELE,ELECTRIC WORD PLC,BBG000CHZ8T1
EGI,ELECTRICAL GEODESICS INC-NEW,BBG007PDKMT6
ECM,ELECTROCOMPONENTS PLC,BBG000BDG2R7
EDP,ELECTRONIC DATA PROCESSING,BBG000BB6L90
EHG,ELEGANT HOTELS GROUP PLC,BBG008NN6SK6
EKT,ELEKTRON TECHNOLOGY PLC,BBG000BWRG38
ELM,ELEMENTIS PLC,BBG000BV1G29
ECAP,ELEPHANT CAPITAL PLC,BBG000R5XFF2
EMM,EMERGING MARKET MINERALS PLC,BBG000LQ5RN8
EMIS,EMIS GROUP PLC,BBG000QC0NY6
EMR,EMPRESARIA GROUP PLC,BBG000FSQV40
EME,EMPYREAN ENERGY PLC,BBG000DSJP89
ENDV,ENDEAVOUR INTERNATIONAL CORP,BBG000JXFTJ6
1071436D,ENECSYS PLC,BBG0076VW8N1
ENGI,ENERGISER INVESTMENTS PLC,BBG000BD7BH8
EAS,ENERGY ASSETS GROUP PLC,BBG002RQWT45
ETQ,ENERGY TECHNIQUE PLC,BBG000BZNBZ1
ENQ,ENQUEST PLC,BBG000QF8Y31
ESR,ENSOR HOLDINGS PLC,BBG000BC0QG5
NTQ,ENTEQ UPSTREAM PLC,BBG001R6HBG4
ETI,ENTERPRISE INNS PLC,BBG000FRM4R1
ETO,ENTERTAINMENT ONE LTD,BBG000R2F4B8
ENTU,ENTU UK PLC,BBG007BLDSS9
ENRT,ENVIRONMENTAL RECYCLING TECH,BBG000FCF535
EHP,EPISTEM HOLDINGS PLC,BBG000R3KVK0
EPWN,EPWIN GROUP PLC,BBG002H816S4
PAL,EQUATORIAL PALM OIL PLC,BBG000BKNLG3
EQN,EQUINITI GROUP PLC,BBG00B4WP734
ERGO,ERGOMED PLC,BBG006ND5B66
ESCH,ESCHER GROUP HOLDINGS PLC,BBG001Y30GD3
ESG,ESERVGLOBAL LTD,BBG000G1RRM6
ESNT,ESSENTRA PLC,BBG000C41WG8
ESUR,ESURE GROUP PLC,BBG00468Q8X5
1006833D,ETELEQUOTE PLC,BBG006MLD2R7
EUSP,EU SUPPLY PLC,BBG005HQYNR5
EUA,EURASIA MINING PLC,BBG000HHD7V9
ECEL,EUROCELL PLC,BBG00825CRC2
ERM,EUROMONEY INSTL INVESTOR PLC,BBG000BPTQW7
EOG,EUROPA OIL & GAS HOLDINGS,BBG000QLL3N9
EWG,EUROPEAN WEALTH GROUP LTD,BBG000BPLC10
EMAN,EVERYMAN MEDIA GROUP PLC,BBG005GBRGF5
EVG,EVGEN PHARMA PLC,BBG007NTPDG2
EVO,EVOCUTIS PLC,BBG000NCZWR9
EVR,EVRAZ PLC,BBG0027J63T2
EXI,EXILLON ENERGY PLC,BBG000PXV2S0
EXO,EXOVA GROUP PLC,BBG0066D6TZ3
EXPN,EXPERIAN PLC,BBG000FBCMD2
FFX,FAIRFX GROUP PLC,BBG006XJ6FP1
FRP,FAIRPOINT GROUP PLC,BBG000HW8K61
FLX,FALANX GROUP LTD,BBG004PP6NZ3
FOG,FALCON OIL & GAS LTD,BBG00496LTQ3
FKL,FALKLAND ISLANDS HLDNGS PLC,BBG000BZ85V5
FOGL,FALKLAND OIL & GAS LTD,BBG000NT0SF2
FPM,FAROE PETROLEUM PLC,BBG000NJ1ST8
FARN,FARON PHARMACEUTICALS OY,BBG009YWHTF4
FJET,FASTJET PLC,BBG000BR24T5
FAST,FASTNET EQUITY PLC,BBG000R8H4K3
FBH,FBD HOLDINGS PLC,BBG000BZ0YQ6
FDM,FDM GROUP HOLDINGS PLC,BBG006NCLM11
FDBK,FEEDBACK PLC,BBG000BDH7Z6
FENR,FENNER PLC,BBG000BDH9N5
FRX,FERREX PLC,BBG001WVBRM7
FXPO,FERREXPO PLC,BBG000F90L97
FCR,FERRUM CRESCENT LTD,BBG001B92QK3
FEVR,FEVERTREE DRINKS PLC,BBG007F4D5B1
FDSA,FIDESSA GROUP PLC,BBG000BWGV28
FTC,FILTRONIC PLC,BBG000BT70P8
FDL,FINDEL PLC,BBG000C5TYV4
FAM,FINNAUST MINING PLC,BBG003LJXPR7
FIF,FINSBURY FOOD GROUP PLC,BBG000D8Y0H1
FDI,FIRESTONE DIAMONDS PLC,BBG000BCBSJ6
FDP,FIRST DERIVATIVES PLC,BBG000MFRNJ1
FPO,FIRST PROPERTY GROUP PLC,BBG000N562Z3
FQM,FIRST QUANTUM MINERALS LTD,BBG000CMRNB5
FGP,FIRSTGROUP PLC,BBG000JNDVL2
FISH,FISHING REPUBLIC PLC,BBG008V3DMP1
FKE,FISKE PLC,BBG000CJ0T46
FITB,FITBUG HOLDINGS PLC,BBG000QBWBW1
FLK,FLETCHER KING PLC,BBG000BDJ089
FLOW,FLOWGROUP PLC,BBG000NZT7B7
FLO,FLOWTECH FLUIDPOWER PLC,BBG006G3K6D2
FLYB,FLYBE GROUP PLC,BBG0019R2K92
TUNE,FOCUSRITE PLC,BBG007LN1WG1
FBT,FORBIDDEN TECHNOLOGIES PLC,BBG000BD1X68
FRM,FORMATION GROUP PLC,BBG000J1TSM9
FTE,FORTE ENERGY NL,BBG000M6JWG3
FOX,FOX MARBLE HOLDINGS PLC,BBG003BVD9V4
FOXT,FOXTONS GROUP PLC,BBG00563QG83
1040626D,FRASPENS OUTDOOR GROUP CO LT,BBG006VSFPG1
FCCN,FRENCH CONNECTION GROUP PLC,BBG000BDH492
FEN,FRENKEL TOPPING GROUP PLC,BBG000Q609F1
FRES,FRESNILLO PLC,BBG000VH0TC0
FRR,FRONTERA RESOURCES CORP,BBG000C5K564
FDEV,FRONTIER DEVELOPMENTS PLC,BBG004TC5KK1
FIPP,FRONTIER IP GROUP PLC,BBG001FDMNW2
FRI,FRONTIER RESOURCES INTERNATI,BBG004T2HP92
FCRM,FULCRUM UTILITY SERVICES LTD,BBG000Q38WL2
FSTA,FULLER SMITH & TURNER - A,BBG000BDJHK8
FXI,FUSIONEX INTERNATIONAL PLC,BBG003P97FY8
FUM,FUTURA MEDICAL PLC,BBG000PMBPK3
FUTR,FUTURE PLC,BBG000BXN2N9
FFY,FYFFES PLC,BBG000BDHD92
GFS,G4S PLC,BBG000Q4S2H9
GAH,GABLE HOLDINGS INC,BBG000QQYBQ3
GAL,GALANTAS GOLD CORP,BBG000BJWC03
GLS,GALASYS PLC,BBG0068HRT07
GLR,GALILEO RESOURCES PLC,BBG0024L0511
GFRD,GALLIFORD TRY PLC,BBG000BDK130
GMAA,GAMA AVIATION PLC,BBG0018LN319
GMD,GAME DIGITAL PLC,BBG006JC54V1
GAME,GAMEACCOUNT NETWORK PLC,BBG005MR7TL0
GAW,GAMES WORKSHOP GROUP PLC,BBG000DMJJ77
GMR,GAMING REALMS PLC,BBG000C22CL9
GAMA,GAMMA COMMUNICATIONS PLC,BBG0078YTS35
GTLY,GATELEY HOLDINGS PLC,BBG008NVVMK3
GBG,GB GROUP PLC,BBG000P86178
GCM,GCM RESOURCES PLC,BBG000BFXZP2
G4M,GEAR4MUSIC HOLDINGS PLC,BBG008QK40C1
GEMD,GEM DIAMONDS LTD,BBG000QWK819
GEM,GEMFIELDS PLC,BBG000KGRYN2
GENL,GENEL ENERGY PLC,BBG001QXT255
GEC,GENERAL ELECTRIC CO,BBG000NP2Y56
GNI,GENERAL INDUSTRIES PLC,BBG0071M6748
GNS,GENUS PLC,BBG000CTMKX7
GHG,GEORGIA HEALTHCARE GROUP PLC,BBG00B68LTT3
GTC,GETECH GROUP PLC,BBG000FK0KD9
GFIN,GFINITY PLC,BBG007PNQF59
GKN,GKN PLC,BBG000BDK791
GLB,GLANBIA PLC,BBG000C0TGZ0
GSK,GLAXOSMITHKLINE PLC,BBG000CT5GJ1
GLEN,GLENCORE PLC,BBG001MM1KV4
GLAF,GLI ALTERNATIVE FINANCE PLC,BBG00B0GYNS1
GLIF,GLI FINANCE LTD,BBG000J20C25
GLIZ,GLI FINANCE LTD-NEW,BBG00B4WCBX6
GED,GLOBAL ENERGY DEVELOPME-REGS,BBG000BPSR38
GINV,GLOBAL INVACOM GROUP LTD,BBG006R7PXF5
GBP,GLOBAL PETROLEUM LTD,BBG000P6QZ02
GWI,GLOBALWORTH REAL ESTATE INVE,BBG004TCFNV2
GBO,GLOBO PLC,BBG000V0D0T8
GLOO,GLOO NETWORKS PLC,BBG009Q1RML8
GOG,GO-AHEAD GROUP PLC,BBG000CCYLF9
GOAL,GOALS SOCCER CENTRES PLC,BBG000QMV4Y2
GBGR,GOLDBRIDGES GLOBAL RESOURCES,BBG000NWX989
GSR,GOLDEN SAINT RESOURCES LTD,BBG004V7RBD3
GPRT,GOLDENPORT HOLDINGS INC,BBG000R0NW67
GDP,GOLDPLAT PLC,BBG000PRZK18
GRL,GOLDSTONE RESOURCES LTD,BBG000N1M961
GHH,GOOCH & HOUSEGO PLC,BBG000BXFXX9
GOOD,GOOD ENERGY GROUP PLC,BBG0037WNQ11
GDWN,GOODWIN PLC,BBG000BDJSS6
GRA,GRAFENIA PLC,BBG000BGBDT9
GRI,GRAINGER PLC,BBG000BDKPY3
GIPO,GRAND GROUP INVESTMENT PLC,BBG007WTFS89
GRPH,GRAPHENE NANOCHEM PLC,BBG000P5WK00
GWMO,GREAT WESTERN MINING CORP PL,BBG00204J292
GGP,GREATLAND GOLD PLC,BBG000PMY4D3
GDG,GREEN DRAGON GAS LTD,BBG000Q20693
GNC,GREENCORE GROUP PLC,BBG000BS3YL4
GNK,GREENE KING PLC,BBG000BDKGD6
GKO,GREENKO GROUP PLC,BBG000TVVR87
1241010D,GREENSHIELDS AGRI HOLDINGS P,BBG0087CD1F5
GRG,GREGGS PLC,BBG000BDKLH1
GDL,GREKA DRILLING LTD-DI,BBG001J54JN4
GEL,GREKA ENGINEERING & TECHNOLO,BBG0058ZH6Y3
GHT,GRESHAM COMPUTING PLC,BBG000BS2592
GHS,GRESHAM HOUSE STRATEGIC PLC,BBG000C3GFY1
GFM,GRIFFIN MINING LIMITED,BBG000JNZ6H8
GTS,GTS CHEMICAL HOLDINGS PLC,BBG006TK07D0
GKP,GULF KEYSTONE PETROLEUM LTD,BBG000JM99N6
GMS,GULF MARINE SERVICES PLC,BBG0060F5Y02
GPX,GULFSANDS PETROLEUM PLC,BBG000BVPH76
GUS,GUSBOURNE PLC,BBG000BNKMG8
GUSC,GUSCIO PLC,BBG000BT3WJ9
GVC,GVC HOLDINGS PLC,BBG000MPPD67
GWP,GW PHARMACEUTICALS PLC,BBG000JKZGH2
GYM,GYM GROUP PLC/THE,BBG00BDC16G2
HAT,H&T GROUP PLC,BBG000P2PT24
HNL,HAGUE & LONDON OIL PLC,BBG001LJGV42
HAIK,HAIKE CHEMICAL GROUP LTD-D/I,BBG000QY2ZP9
HFD,HALFORDS GROUP PLC,BBG000F79SC3
HLMA,HALMA PLC,BBG000BDLT47
HALO,HALOSOURCE INC - DI,BBG0017FSYP4
HAL,HALOSOURCE INC - REG S,BBG00174JMW7
HSD,HANSARD GLOBAL PLC,BBG000QCNDJ0
HDD,HARDIDE PLC,BBG000F1ZDG6
HDY,HARDY OIL & GAS PLC,BBG000CY05V5
HL/,HARGREAVES LANSDOWN PLC,BBG000HKMFT7
HSP,HARGREAVES SERVICES PLC,BBG000D1Q110
HMI,HARVEST MINERALS LTD,BBG009YTHN37
HVN,HARVEY NASH GROUP PLC,BBG000BRWQV0
HWG,HARWORTH GROUP PLC,BBG000N2RWW4
HSTG,HASTINGS GROUP HOLDINGS LTD,BBG00B0B0NH1
HVE,HAVELOCK EUROPA PLC,BBG000BDMXF5
HAYD,HAYDALE GRAPHENE INDUSTRIES,BBG0067TSZQ9
HYNS,HAYNES PUBLISHING GRP PLC,BBG000BDN5S1
HAS,HAYS PLC,BBG000BKFPY3
HAYT,HAYWARD TYLER GROUP PLC,BBG000NTYC60
HEAD,HEADLAM GROUP PLC,BBG000BDLD97
HSM,HEATH (SAMUEL) & SONS PLC,BBG000BFS9K1
HVT,HEAVITREE BREWERY PLC,BBG000BDMYS9
HVTA,HEAVITREE BREWERY PLC -CL A,BBG000BDN0G5
HLCL,HELICAL BAR PLC,BBG000BDLR87
HUW,HELIOS  UNDERWRITING PLC,BBG000RVZNP5
HCL,HELLENIC CARRIERS LTD,BBG000DPKYW7
HTY,HELLERMANNTYTON GROUP PLC,BBG0046QY928
HGG,HENDERSON GROUP PLC,BBG000D2Q038
HER,HERENCIA RESOURCES PLC,BBG000PR8DV1
HPAC,HERMES PACIFIC INVESTMENTS P,BBG000BM68J4
HID,HIDONG ESTATE PLC,BBG000BG87Z9
HGM,HIGHLAND GOLD MINING LTD,BBG000BR0HQ1
HNR,HIGHLANDS NATURAL RESOURCES,BBG008D1Z630
HWC,HIGHWAY CAPITAL PLC,BBG000N7NBV4
HIK,HIKMA PHARMACEUTICALS PLC,BBG000FG1MF1
HILS,HILL & SMITH HOLDINGS PLC,BBG000BDLLL5
HFG,HILTON FOOD GROUP  PLC,BBG000HN2668
HSX,HISCOX LTD,BBG000FD8G46
HMLH,HML HOLDINGS PLC,BBG000PR0NB9
HOC,HOCHSCHILD MINING PLC,BBG000Q49X82
HRG,HOGG ROBINSON GROUP PLC,BBG000BS8F85
HDT,HOLDERS TECHNOLOGY PLC,BBG000BFRJ57
HOME,HOME RETAIL GROUP,BBG000NK6L24
HSV,HOMESERVE PLC,BBG000BX6L56
HON,HONEYWELL INTERNATIONAL INC,BBG000NP31Q4
HKLB,HONGKONG LAND HOLDINGS LTD,BBG000D13HH3
HKLJ,HONGKONG LAND HOLDINGS LTD,BBG000D10SV6
HKLD,HONGKONG LAND HOLDINGS LTD,BBG000BHB319
HZD,HORIZON DISCOVERY GROUP PLC,BBG00635M854
HZM,HORIZONTE MINERALS PLC,BBG000P5WN86
HRN,HORNBY PLC,BBG000BDMCQ9
HSW,HOSTELWORLD GROUP PLC,BBG00B9PJR00
HCP,HOTEL CORP PLC/THE,BBG000P8C849
HWDN,HOWDEN JOINERY GROUP PLC,BBG000BRYT97
HSBA,HSBC HOLDINGS PLC,BBG000BS1N49
HSS,HSS HIRE GROUP PLC,BBG0081YQCJ1
1330665D,HTN TOWERS PLC,BBG00B9H2G73
HUM,HUMMINGBIRD RESOURCES PLC,BBG0019W9XB3
HUN,HUNTER RESOURCES PLC,BBG000TKDQ47
HUNT,HUNTERS PROPERTY PLC,BBG009F3H990
HTG,HUNTING PLC,BBG000BD54B2
HNT,HUNTSWORTH PLC,BBG000C2P076
HUR,HURRICANE ENERGY PLC,BBG005WQR5L1
HCM,HUTCHISON CHINA MEDITECH LTD,BBG000P4SQF9
HVO,HVIVO PLC,BBG002YL04F6
HWA,HWANGE COLLIERY COMPANY LTD,BBG000BW93J0
HYD,HYDRO INTERNATIONAL PLC,BBG000DRZJ78
HYR,HYDRODEC GROUP PLC,BBG000Q6V9C0
HYDG,HYDROGEN GROUP PLC,BBG000KYL1K4
IBEX,IBEX GLOBAL SOLUTIONS PLC,BBG004RPRJ05
IBST,IBSTOCK PLC,BBG00B3Y08V5
IAP,ICAP PLC,BBG000BC9Z94
